"","V1","V2","V3","V4","V5","V6","V7","V8","V9","V10","V11","V12","V13","V14","V15","V16","V17","V18","V19","V20","V21","V22","V23","V24"
"1",1,0.001,0.25,3000,27.1994653869102,30.3023064587688,28.4306940741366,28.9668622524094,27.7834133569636,25.6098809188927,30.6969652660691,26.8935017610419,24.4743416902707,29.7600065982153,26.4932946721488,29.2505327081407,30.7292197922145,26.8828795586043,31.3866168811033,26.1090792762686,27.7401171586411,27.5916183074028,27.2763297947709,31.1193695785302
"2",1,0.001,0.25,5000,21.7167256548935,21.6403325333258,20.2329242244745,22.486248357101,19.2994396710586,20.5420497088265,22.6046582147987,21.7012545099671,19.0844144331821,21.9189344574513,18.641898129971,22.190355823027,23.1398959187092,20.0264390945688,23.3478194737015,18.8676911158355,19.3278072583265,19.6713697280003,20.9837499703,23.3508135885477
"3",1,0.001,0.25,8000,21.1543179225697,20.1363108186299,18.9938596649262,21.0179587199018,17.7790767659487,19.3321020468281,20.9190505589859,21.1987653357946,18.3817910470369,19.917659375435,17.2519419839423,20.9313440253126,21.4368073050076,18.8420251694749,21.5165749289242,17.6755087042968,17.5605504201319,18.133071599061,19.8045973246393,21.8233916970534
"4",1,0.001,0.25,10000,21.0293624947826,19.9370727668969,19.0286789793568,20.6777811325162,17.5047416760868,19.0578151550078,20.6506755595796,21.1110966160755,18.335489166553,19.5158045640466,17.0004228404378,20.6307371477219,21.0484265374503,18.6103977029626,21.1504090405287,17.5002626867981,17.1810703333511,17.852781683087,19.6441980889298,21.6067944752699
"5",1,0.001,0.5,3000,27.8081641407906,31.3734678060462,29.1270709784513,29.8459764288519,28.8181185315556,25.8461444786435,32.1778314635806,27.82993728166,25.0930708806172,30.8721237827484,27.7760776254284,29.9077234331707,31.946025126752,27.5665437160896,32.165202525777,27.0663448339821,28.5483330879031,28.3790656469326,27.9009025811764,31.8043387387947
"6",1,0.001,0.5,5000,20.8721890023039,21.3885531949789,20.0194159955422,22.7351819472673,18.8227274655253,19.769226239977,23.1119050316032,22.0098179621779,18.8559625108672,22.2825152944535,18.8283838010031,21.909748215941,23.5724830109959,20.0297633399597,23.1791503511711,18.5100425579254,18.8784131502033,19.5368257162868,20.6793943392297,23.098097141201
"7",1,0.001,0.5,8000,19.9398758815139,19.467984398132,18.5065446887969,21.1012584151846,17.093659195103,18.6017804978569,21.0627637690231,21.679708538711,17.8784944849601,19.7116993039507,17.0546414503153,20.2541203584101,21.3717234459684,18.6677953330458,21.1520361979168,16.7974068433024,16.8713862713316,17.6394859838131,19.1155918653675,20.9602395390104
"8",1,0.001,0.5,10000,19.7706010942175,19.2042896607271,18.4458872099773,20.7411483494678,16.8734324697337,18.3491108584912,20.7838441653531,21.7625490544158,17.8008893992034,19.1351565680615,16.6468552728801,20.0043478224925,20.8881278609388,18.5170244550297,20.7856357413268,16.6508325927952,16.5224423307125,17.3804254655491,18.869185800007,20.6576948139163
"9",1,0.001,0.75,3000,28.5138706628661,32.1268145515661,29.7441262830561,30.4040182954434,29.5480329190568,26.2623654477876,32.9243430972464,28.4826534166408,25.5675595304652,31.5507985951372,28.4754446017581,30.4938311894305,32.7616015007206,28.1178713747502,32.8865233063453,27.8158092822823,29.2673926959506,28.9958219190575,28.3897486667263,32.4399665009716
"10",1,0.001,0.75,5000,21.0994359904513,21.7488446015972,20.4519808333424,23.0590487103035,19.0827282914166,19.9137943135175,23.6661528522864,22.433707469776,19.0745584804937,22.6120747881353,19.088948168726,22.2916818848279,24.0539130876598,20.2572914870746,23.5965751725735,18.9910500317834,19.4976733743457,19.9338596703704,20.9026362095411,23.2527534618694
"11",1,0.001,0.75,8000,20.2923410572016,19.4878758412642,18.730600934156,21.2928850120911,17.2043953604857,18.6470150719178,21.3658832077668,22.0645626619841,17.9339777262126,19.8881696774187,17.0961181832937,20.3861837242195,21.6607149063921,18.8233913136034,21.3592726192132,17.0388797043311,17.2921860813334,17.7072575890124,19.2713018719934,20.9399830200053
"12",1,0.001,0.75,10000,20.0692202687142,19.228265255551,18.5890406539483,20.976044827249,16.9310195599088,18.4204138959025,21.1126664055869,22.1366086272212,17.804284093592,19.205432925618,16.6992083795686,20.1017900693638,21.1473952366384,18.6624574348611,20.9708474992947,16.9251374753991,16.9648246176412,17.4379797745056,19.0569572975856,20.5557051403497
"13",1,0.01,0.25,3000,20.708023345283,20.2025890177767,19.9018217454647,20.4700460507883,18.0027941588741,18.9264724384597,21.8495266937448,21.947188526769,18.4772120559547,18.8627898322055,17.1425859604427,19.7737701012287,20.567505658889,18.1604362983381,21.2604766133755,18.5302487653206,17.1583549089076,18.0198868064755,20.38116481514,21.7345582290756
"14",1,0.01,0.25,5000,21.0966221852495,20.5024088186588,20.7656022948131,20.5070951862739,18.7575201237371,19.293652006459,22.4628723791721,22.7053260427187,18.733808924118,18.859805912952,17.2072606656618,19.9593534290732,20.8477744205873,18.4771307703757,21.8277184492272,19.3222620160933,17.8879798577332,18.3531213272428,20.7889257167085,22.3729172158161
"15",1,0.01,0.25,8000,21.8335527251667,20.775539529554,21.980508599326,20.795387260498,19.2425489961961,19.7152817344576,22.6830433064295,23.8101780993593,19.2586267650734,19.0585559411206,17.4488809339235,20.4577730274691,21.2228041400687,19.030753989394,22.5846774220151,20.418941760334,18.87880939123,19.1315012909518,21.2743561488386,22.790793469974
"16",1,0.01,0.25,10000,22.1156955113566,21.0828068119677,22.5779129152299,21.0814001749509,19.3913430268224,19.8818434576778,23.2818096726915,24.3755816620098,19.5278332743626,19.2186765720031,17.4325990982652,20.8548790654456,21.5338605025888,19.3696491272022,22.979436029816,21.134578104882,19.4088950021791,19.5818904366293,21.600392721332,23.5824238314534
"17",1,0.01,0.5,3000,19.6143911349989,19.0776683776348,19.0570753762036,20.6210459333047,17.2578968718129,18.7914375740403,21.0792587083324,23.2453136253686,18.4832523553217,18.6130824308314,16.5039332433171,19.6005862684539,19.841740224432,18.2822802456491,21.0154416142696,17.4513589616426,16.5759364745581,17.4522727763759,19.187434439056,20.4884589736587
"18",1,0.01,0.5,5000,19.7911804206434,19.2818794270313,19.9776050708784,20.7859418195412,17.8910116161423,19.5461466982751,21.5605776994442,23.9621430883343,18.8621076287558,18.7731791035208,16.8080413117209,19.8266806831513,19.9797075208265,18.5164242386793,21.4900102441027,18.3919372578802,17.393207058976,18.1885956225926,20.009877163181,21.1727464753486
"19",1,0.01,0.5,8000,20.2963010428322,19.5725442440361,21.1304835302342,21.258027831358,18.4461634308346,20.5735114746889,22.0230646404872,24.6755769356606,19.5119077513915,19.1439555932133,17.3432779160741,20.3077733055015,20.5967083801135,18.9680243683748,22.0409960178213,19.4880204885772,18.3166184505592,19.2481200634249,20.6352471564955,22.023246505394
"20",1,0.01,0.5,10000,20.7090966556901,19.8479161206345,21.7154600297998,21.4130958535893,18.8632236998559,21.0148377890962,22.5798429277416,25.0458354154939,19.9782842964708,19.5944942285645,17.6051163175104,20.7264210366961,20.9111479368755,19.1790026296499,22.4617772245152,20.0667215501908,18.9977967000141,19.6293876651814,20.9638872204035,22.5227081839809
"21",1,0.01,0.75,3000,19.5500182971035,19.149236405988,19.1505761102643,20.8120498811349,17.365011530669,18.7484075636236,21.0072007203473,23.5516221084207,18.4526664295029,18.6345778912776,16.663976091073,19.6177342187229,20.1010175987393,18.6585954977456,21.0217965352216,17.5594579120991,16.5123259252318,17.3170586490113,19.5864254104796,20.4427313883213
"22",1,0.01,0.75,5000,19.7132024639315,19.3148020010598,19.8144415852057,20.8887805755718,17.8761353712569,19.6408865040514,21.5787701194575,24.2375475315377,19.0149023434002,18.8821805261859,17.1407426188911,19.8631128213487,20.0820350990684,18.8431464183187,21.3978163669271,18.5911284113923,17.2756963958979,18.0654727058688,20.2289307445412,21.0152468902818
"23",1,0.01,0.75,8000,20.0199738901258,19.4806320164263,20.6249480053295,21.1274547683954,18.7167413173352,20.627870034125,22.2769691058139,25.0869887884536,19.7604991261748,19.2150321922593,17.6333254483732,20.5615434220338,20.534639461997,19.245483832546,22.1145425816376,19.5585554280155,18.1316721768719,19.002005705903,21.1183519872698,22.0521125146386
"24",1,0.01,0.75,10000,20.3586069161677,19.7354738666112,21.1742755320106,21.2598930114728,19.1075393367432,21.0966470552718,22.6262270003142,25.5847113960159,20.1746423259797,19.5385252343035,17.8749604798689,20.8921822060895,20.8576614991131,19.6427426649935,22.4962015067323,20.0695562066755,18.5624098386459,19.4513500690075,21.5142120257055,22.6066834312001
"25",1,0.1,0.25,3000,26.0522111395751,23.4030937338932,28.4709459881223,24.6759941001392,24.193941508879,23.8933436103104,27.283388552717,27.600330948309,24.384396766791,21.8224958106147,20.6595390718744,24.0660600996864,26.080056890089,22.2125606887982,28.0934351311097,26.1585352282704,22.1868528004087,22.3376940832976,24.5667089226757,27.6702134735886
"26",1,0.1,0.25,5000,26.3508561275138,25.487644969814,30.3574800658051,27.0423713297082,25.4785393881695,25.3728958527193,29.790150470112,29.1901518264563,25.8497821248397,23.2970063217023,20.9956712406468,24.9357986786569,27.0916793163919,23.1028388134624,30.617223177805,28.6488046939572,24.0718042223244,23.0036054956775,25.0056979939935,29.3759784932401
"27",1,0.1,0.25,8000,27.5265745716742,27.1376748969069,32.466178707806,28.5395997387423,27.2312111768052,25.922528966619,31.8663505281103,30.6982557871953,27.4322476995585,24.9759862811564,21.8444849682113,26.3965305450401,29.1440862229794,24.5804699148824,32.0105392848938,30.320040194017,25.2707080201721,25.0755813953277,25.9009953199531,30.5996031574817
"28",1,0.1,0.25,10000,28.3392862337601,27.4721315357836,33.3774980771501,29.3112036388045,28.0047401748449,26.1777041995421,32.1527894107883,31.261516079775,27.6555428672299,25.5855518967231,22.7863466146843,27.1119173721459,30.1498585342681,25.4885981522195,32.702212072303,31.5267395846688,26.2345945814853,25.1832185472406,26.0600670059776,30.4420876387081
"29",1,0.1,0.5,3000,23.7935816542219,22.2939331505323,26.4284116902518,23.510226653618,22.0855663416749,24.3097569432064,27.2918672210712,29.5600545055547,23.5808443454031,21.5807510682151,21.1547888315515,24.8422852988769,23.6069682230818,22.2727962320078,25.9164659027288,26.1350037831241,21.72399428702,22.3683045592834,22.9850583665597,26.7991229707801
"30",1,0.1,0.5,5000,25.1501507836054,23.5264169048847,28.4437594035441,24.6316824505326,23.3737560718609,25.9091377581357,28.8636829139017,30.992238383933,24.9827553320988,22.9046078968436,22.2715371357605,25.1705463399374,25.0193305452295,22.5357649128458,27.2334537650764,27.985304771487,23.330612810739,23.9658397737193,23.9364993397551,28.0178742188878
"31",1,0.1,0.5,8000,26.4947639402949,24.5965801817423,29.69334116674,26.4730018596641,24.8638820831354,26.7272356754603,30.8220635023996,32.2016507660318,26.5582597198925,24.3754180740157,23.5760933479982,26.039283414323,26.1077196924409,23.2941919719523,28.7264368800245,30.0893082500554,24.3137482175732,25.6507771108046,24.6676795431521,29.4233561800177
"32",1,0.1,0.5,10000,26.5837366597601,25.1301631278914,30.3817884535817,27.2349817263798,25.4640827308168,27.1781602627022,31.7133432298259,32.5768998387405,27.3142379117567,24.8937978028649,24.0204012343353,26.508293574705,26.3896294719556,23.6090523066042,29.6608321307492,30.8245043270421,24.8938420864758,26.1300960857891,25.0313545237136,30.1107944786418
"33",1,0.1,0.75,3000,23.4911276939026,21.4232782836118,24.9335397490005,23.3197137722988,22.4897889279727,24.1515178578095,24.9075082522271,29.1241603545775,22.9708130033149,22.3475477816654,20.4709868056951,24.2313679782412,23.1016966788706,22.5681341111564,26.9852243903029,23.4645707793184,22.4200662429666,22.075981082375,24.1379114344445,26.8741281052145
"34",1,0.1,0.75,5000,25.0356207012237,22.5350984000015,26.9516967290414,24.3595006693879,24.1686821324123,25.732079748794,26.0950680087303,30.7501982357497,24.9140599057831,23.800504021011,21.8657864184267,25.1480069815688,24.3556094219263,23.6911539845225,29.3128444097672,26.1678042461326,23.802130809222,23.123416495147,25.206960009058,28.3722584211493
"35",1,0.1,0.75,8000,25.9872465012172,23.2401341924072,29.0224851487743,26.1115119299611,25.6698749127833,26.8908902214408,27.5559394028687,31.4932059601791,26.8772075785891,25.1532531625799,23.2154796334902,26.470367329742,25.8047483834279,24.6752956557016,31.2688601408713,28.7302914476743,25.1091585388403,24.5024789606044,26.531093156312,29.8934395311001
"36",1,0.1,0.75,10000,26.6572198549271,23.8310386332986,29.8903468540519,26.8514184182968,26.5988263339176,27.4014883224614,28.5900913632635,31.9621477597,27.7583403571582,25.8773145823158,23.9712677338259,26.8228513067329,26.1486553469857,25.1101907904708,32.0768026233466,29.6931846701062,25.7341798694325,24.9382380031165,27.0178128362173,30.5786088232517
"37",3,0.001,0.25,3000,22.2438321527417,21.54883773308,20.781965234409,22.2493397039632,19.0752948176208,19.6527715887363,22.951216742743,21.3909839990162,18.8103000514975,21.7248893690016,18.7912047314201,21.6406083913091,23.5199772024083,19.7012773140677,23.2953433096253,19.5011571696523,19.0357750780039,19.7040653755884,21.6210844886007,22.9497889723218
"38",3,0.001,0.25,5000,21.3803918901488,19.581269774571,19.0806848180121,20.6495844049792,17.2211610836246,18.3825370342399,20.6468004475746,20.8618532027279,18.0807359726653,19.0300762700699,17.0578582508411,20.1906592743983,21.0251584130859,18.2032281911623,20.9344306455803,17.8070987905717,16.6985922069341,17.7935366209168,20.2581944099248,21.2470211609731
"39",3,0.001,0.25,8000,21.3477419261729,19.385232380932,19.3603394329024,20.3619011090155,17.1517906339176,18.1813033249171,20.4234540461358,21.030469666514,18.1895236017186,18.4374568313576,16.7208464451283,19.9326189068319,20.5486147275922,17.9983334866152,20.5824466596481,17.9313295791042,16.3679263551915,17.5639540465578,20.2918529514417,21.0717424861565
"40",3,0.001,0.25,10000,21.4641984606444,19.4781903258187,19.6005498225636,20.3135727440858,17.2394527002335,18.1142874188028,20.4309146971863,21.2456501434959,18.2781882738907,18.2734636818801,16.6958238648171,19.8778957684102,20.4234791760683,17.9466326577788,20.4999102613814,18.1071163366211,16.4562983551506,17.6530571860771,20.4079672539007,21.1409051670129
"41",3,0.001,0.5,3000,20.9670032605131,20.7195486997307,20.3038046332548,22.2977894432047,18.2724330135722,18.7763340891523,22.8327412886206,21.5648872119663,18.5075981164925,21.2491297031869,18.4080040765761,21.45368400093,23.4876014964935,19.490415765892,22.667503227712,18.5825006226212,18.243953882801,19.2539655100122,20.7708810541741,22.4415145165566
"42",3,0.001,0.5,5000,19.8579974911443,18.6186726884631,18.5557566911492,20.4679396321629,16.5322002287349,17.5080403117295,20.3639670163599,21.2275161913082,17.4865564471881,18.4101731246445,16.3592660956966,19.6665245733788,20.634631163169,18.0524886485294,20.2146539457439,16.78791721693,15.9042212629915,17.1890689555055,19.0770179126144,20.3752116403423
"43",3,0.001,0.5,8000,19.651249863455,18.4801864191786,18.8184161453071,20.2406521748403,16.5855132763676,17.4347300888412,20.0306167104749,21.6903585593993,17.7117975631365,17.8173117239132,15.9637132821589,19.4717842133164,20.0200561882847,17.8119067525161,19.9284648380448,17.037389392086,15.6734143534543,17.1164408956921,19.0387520597251,20.0345109909393
"44",3,0.001,0.5,10000,19.6721034443554,18.5298258855858,19.0732067386778,20.2609969669549,16.7288782744826,17.4815020776281,20.1023013227624,21.9952091348471,17.8439149659228,17.6986342813823,15.9061749603393,19.4681902718761,19.922168338489,17.711177047357,20.0419384435947,17.2995540514557,15.8760255210145,17.293334850689,19.1932245431686,19.9594956306644
"45",3,0.001,0.75,3000,20.9680739643228,20.7365656958279,20.4762070921107,22.6422731068292,18.539044897527,18.6899083356579,23.0919856066728,21.8574710743743,18.700100845505,21.5068552382671,18.6103551219703,21.6670576002694,23.6687656794018,19.7733204843306,22.8082383271314,18.7170277462647,18.5103629848983,19.1890593614662,20.7179767721725,22.6020790501557
"46",3,0.001,0.75,5000,19.9420612821694,18.5019300285433,18.6568664178672,20.7434802603984,16.8392923008331,17.4503109816102,20.5284657126208,21.444106378208,17.5215763647382,18.4552947653665,16.432166863868,19.6461744695747,20.6591733088495,18.2930752390076,20.2798214894724,16.8374567296742,16.0984244881729,16.9876107585134,19.0156329817584,20.2497532799997
"47",3,0.001,0.75,8000,19.6780059378213,18.2830050929306,18.8715007126597,20.6458197590214,16.9075412623144,17.3632727651493,20.1734931721757,21.8980786434693,17.638353787977,17.8956466116873,15.9753145160417,19.3976746978425,20.0735715618674,18.200317280558,20.0030078916142,17.1011880869062,15.902105199584,16.9016525881536,18.9758504985721,19.9539022292346
"48",3,0.001,0.75,10000,19.6892270488876,18.323159819163,19.1034111914118,20.7167131501725,17.02763845489,17.4659671139424,20.1790176839566,22.1677944626488,17.7489925075384,17.8661357401205,15.9478161814627,19.4327806040492,20.0003859468856,18.181191766934,20.103100890076,17.3582793287487,16.0228834627662,17.0600405582819,19.1033869307893,19.9472145754458
"49",3,0.01,0.25,3000,22.2250453994996,20.7210568340084,21.6023968901866,20.6585898767804,18.9094609171914,18.686065356076,20.9688768041884,23.3305244843033,19.2143508342191,18.0857110666884,16.6221318745837,20.3359976540562,21.1039042723814,18.4075753777097,21.1339906891557,20.2766956785232,18.2463444228888,18.8428614643361,21.4280115043835,21.4998507831142
"50",3,0.01,0.25,5000,22.9294105159866,20.9949458472033,22.5422134370258,21.1431450623478,19.5720300530913,19.1459227200397,21.7267803585094,24.3003070605875,19.8498880968244,18.370361997468,17.1269929612899,20.5794726483846,21.8949941046731,19.0613377754927,21.8977929578261,21.1024703025006,19.1109304758913,19.7220059513898,21.9031369708224,21.7675078314273
"51",3,0.01,0.25,8000,23.7485300472376,21.727520444672,23.4159780324576,21.6492965267073,20.2930316549374,19.5695053036239,22.4160653156998,24.6952823541246,20.6391257867169,19.0785110954943,17.4189145068632,20.9301349241933,22.5797752825895,19.9337219591904,22.6217747728023,22.1915622921834,19.7948330780919,20.2763206403101,22.2860668753616,22.4478404957712
"52",3,0.01,0.25,10000,24.1152079151863,22.0268366868168,23.9496974991706,21.845914495184,20.6611197792445,19.7094763465834,22.9159120104381,24.85538099744,21.0417230886674,19.2200211329867,17.6524355489159,21.2783505208331,22.8506229527161,20.2880509254109,22.8522893505938,22.6771353429663,20.0274159402307,20.561946709744,22.3818959565769,22.6451605437389
"53",3,0.01,0.5,3000,20.4438049010062,18.9114495196815,21.0998393250934,21.093531716534,18.1685145802325,18.4543235641115,21.1073543504865,23.6545009729474,18.905328536957,18.0603521726754,16.3730316850779,19.9643341177447,20.8441503677316,18.4184431964619,21.3798245405515,19.0698399733506,17.592317370382,18.7855274878743,20.2484564996055,20.6405609497276
"54",3,0.01,0.5,5000,20.9775415288778,19.3388175113935,22.1790910799592,21.5600264573294,18.8477359500844,19.1621132606293,21.7561696207431,24.2382319867046,19.7997933943446,18.4437545114738,16.952603279394,20.4632137023056,21.4862193410014,19.0743392727389,22.0481768061117,19.8944532097352,18.4043732473788,19.5530154985995,20.6214707255348,21.0965754718401
"55",3,0.01,0.5,8000,21.5677092952661,20.0797124811752,23.0268840655208,22.1875482708244,19.534934029337,19.9300611046516,22.2957003272588,24.9089395073838,20.4246789128497,19.0054555997363,17.4431626849121,20.9357913830107,22.2238615648275,19.6158562671368,22.7912602910642,20.5983465873157,19.1357387762497,20.1018730844804,20.8366196988019,21.6957332539618
"56",3,0.01,0.5,10000,21.8620895747512,20.3613013980727,23.3565764447868,22.4060756590573,19.8496068352816,20.1496812679806,22.6547809084065,25.0957962840064,20.6532768736759,19.2421662428014,17.5426494732724,21.1724539337333,22.515599204149,19.9370428247499,22.9688370391809,20.9293751263678,19.3160994931974,20.3963278642627,20.9692214221088,21.9355176988045
"57",3,0.01,0.75,3000,20.2107492605869,18.744594184853,20.6016030417355,21.1076464828511,18.1861249111451,18.2929666425025,21.1347462420933,23.4598480156452,19.0301795049525,18.2371117402041,16.3322510892153,20.139349576355,20.6397098387053,18.8576653132263,21.0483623858308,18.9372954628125,17.7700122805069,18.4805485719247,20.1439655234617,20.6083771320849
"58",3,0.01,0.75,5000,20.8802019531325,19.0995393568905,21.5557333829336,21.3950651410799,19.0357119270105,19.0260592329617,21.6713488702055,24.0509740628766,19.7292906564871,18.6695553872343,16.8564719868812,20.6547423024266,21.3624429132884,19.5340381520004,21.5745487017699,19.5515880011643,18.5730006678275,19.2846162590196,20.5054602356143,21.0783184758374
"59",3,0.01,0.75,8000,21.4839638485854,19.4993500811881,22.2942439370568,21.9155295809502,19.6670431586595,19.6543535846772,22.2854010393735,24.6163182720053,20.4101447818566,19.0786618070722,17.3944245002264,21.1867156344231,22.0232927437231,20.1490086898563,22.1775762455705,20.1118272090064,19.1326664745176,19.9044621883359,21.0004104021753,21.6106713934097
"60",3,0.01,0.75,10000,21.719698115986,19.7216701575063,22.567825931816,22.1124424521237,19.9283981347566,19.9024394072806,22.5969697812978,24.8781022957146,20.6611948705898,19.2654227920662,17.598249464266,21.3439691540447,22.28889291494,20.3924751530259,22.3354526025171,20.3508219425153,19.3665646084346,20.1517720805233,21.1660492310474,21.7971175021567
"61",3,0.1,0.25,3000,26.0011574325828,23.8472837720932,29.3111220684517,26.1653679429569,24.5511019575412,22.7487545766227,26.8314441873695,27.4980673501739,24.4550985466006,21.6195238681124,19.6722508746719,23.1716766709526,27.1173707210835,24.2008899433986,26.0340929559089,26.733825449839,22.8080594828233,23.0379042427735,24.7045553590471,26.6233141318234
"62",3,0.1,0.25,5000,26.11575932815,23.8507706183248,29.4046988006292,26.3138937459906,24.64194299532,22.7855707331374,27.068244056649,27.6186710668095,24.5463656082543,21.6408725858979,19.7738877849988,23.2115671055846,27.309935607554,24.2576373018454,26.0751157253454,26.7539444061199,22.8764937151938,23.1440495449054,24.7589614199256,26.6982891898174
"63",3,0.1,0.25,8000,26.1443049664419,23.8780540961445,29.4114515329251,26.324780954841,24.6550211209485,22.8024320250966,27.0868252858078,27.6424529458277,24.5768479100019,21.6908406160406,19.7783428838906,23.2126260240955,27.328513444834,24.2743999649758,26.0974666003184,26.7639400184253,22.8760998172792,23.1478898429617,24.7535311575744,26.718974777942
"64",3,0.1,0.25,10000,26.1467539521168,23.8797346839927,29.4134881495062,26.3248297576679,24.6537316880403,22.8039927198241,27.0874855494596,27.6425769280563,24.5793954428588,21.6904972504805,19.7787644771886,23.2125140041684,27.3269464437997,24.2743861169181,26.0969558685929,26.7643423965647,22.8774626997311,23.1485425153855,24.7528595139995,26.7206849174675
"65",3,0.1,0.5,3000,24.3942878735343,21.209976106087,24.4379757333818,23.706717108688,22.4171000121717,21.4855428537696,23.611882015703,27.2711542409167,22.4761017937037,21.2622618442433,18.9763708351969,22.5458424828289,23.5043289911681,20.8879275361158,23.1011510691467,22.6880548385195,21.817234104221,22.4367670279905,22.8750178690855,23.4339828553153
"66",3,0.1,0.5,5000,24.4485444381148,21.2478822942313,24.5167079754057,23.7585151964334,22.466124125905,21.4876337634151,23.6639138540763,27.3141474446828,22.5122045704548,21.2906850416304,18.9816580783104,22.5721348415676,23.5364578203571,20.9539873074749,23.1084710063523,22.7298254991769,21.8329570068518,22.4699250372135,22.8832283444216,23.4303101469387
"67",3,0.1,0.5,8000,24.4515842452681,21.2504842056199,24.5187194758417,23.7601472628223,22.4709338787595,21.4890444404743,23.6672387519684,27.3158077254461,22.5165469597467,21.292497384725,18.9846413610363,22.5710475630207,23.5358336728673,20.9582968706642,23.1080686822646,22.7321507987783,21.8333677997542,22.4738960434304,22.8828946946114,23.4330656047589
"68",3,0.1,0.5,10000,24.4516839288209,21.2506529885298,24.5188955007989,23.7601853773373,22.4710120376143,21.48904830455,23.6673876506516,27.3160081503735,22.5167174643687,21.2924973157477,18.9847147879427,22.571082362446,23.5358450564118,20.9583996757829,23.1080283362112,22.7322293329253,21.8332469200804,22.4740342403137,22.882912119508,23.4331105324871
"69",3,0.1,0.75,3000,23.0418124289824,22.198441058867,24.1129909432804,23.719600470831,21.3605439320183,20.6188948611258,24.1463482317043,25.7182029243059,22.1462472890387,20.276872985411,19.4831147519073,22.4257669488968,23.4434051194131,21.4141668302298,24.1317580282485,22.2010253565766,20.5584576524675,21.4227505140345,22.7421928739247,22.5530802385764
"70",3,0.1,0.75,5000,23.0442712103649,22.2178564469858,24.13284610751,23.7450425543792,21.3871198049523,20.6359664733799,24.1749598393365,25.7379341050775,22.1743191993932,20.2879298072292,19.4893886588691,22.4343864386504,23.4664401649408,21.4331872563051,24.1340688064707,22.2259337366409,20.5585662794936,21.4435036138619,22.7491183816465,22.5725651116982
"71",3,0.1,0.75,8000,23.0442814848302,22.2201167157669,24.1339769689182,23.7466874747234,21.3888803956856,20.6370151279597,24.176959140954,25.7399365694452,22.1764417266793,20.288463043656,19.4901579991975,22.4348537280209,23.4672642686505,21.4343606594442,24.1349067972659,22.2257900890222,20.5584797090244,21.4445544517177,22.7498534689325,22.5733096257816
"72",3,0.1,0.75,10000,23.0443020227132,22.2201790191228,24.133991642127,23.7467790602348,21.3888931814894,20.637049608435,24.1769768646044,25.7399689795769,22.1764983118644,20.2884845792964,19.4901587627685,22.4348609036401,23.4672726574319,21.434379890541,24.1348899276589,22.22581874248,20.5584840109995,21.4445780996573,22.7498510832301,22.5733334019522
"73",5,0.001,0.25,3000,21.7575589154733,20.7317536564385,20.5857170510591,21.450427905693,18.0975600038705,18.6954130333071,21.9199980318618,20.9086234364456,18.4880391097354,20.5191181692952,18.0385375436788,20.9943240311743,22.4329618761426,18.9719818561398,22.3506089934865,18.8433433426592,18.1808866804805,19.067526106819,21.1758993978559,22.2061935724589
"74",5,0.001,0.25,5000,21.3363343072447,19.1770795080764,19.1816154546597,20.401466899806,16.9545337975329,17.8170243673359,20.1911611777277,20.6327699249936,18.1142485801419,18.3081352330697,16.788961197261,19.8715277176051,20.4215317231892,17.8700451862449,20.6199579619185,17.5584583033581,16.2968946965201,17.7744775620614,20.2293135853451,20.9154046694383
"75",5,0.001,0.25,8000,21.4702504886455,19.2552088868789,19.5623145104861,20.2952314838713,17.0109259730972,17.7400620665521,20.0725212744778,20.9813814560925,18.2787498367212,17.8029140460731,16.5922723132592,19.6948021318836,20.1232913835528,17.7484817789039,20.4917920816417,17.8859187660281,16.300534108555,17.981952891696,20.3229897958348,20.8562519124872
"76",5,0.001,0.25,10000,21.5129029716454,19.4163078961781,19.8284048965004,20.3028618705552,17.1332912548158,17.7684277890613,20.2679429280016,21.1266753661728,18.4022962007931,17.6949500652473,16.5585755504104,19.6957330238525,20.128954194419,17.7440191880672,20.5118455065398,18.088653507669,16.4747160910881,18.1328126585505,20.4589476022073,20.9201281837431
"77",5,0.001,0.5,3000,20.3848928544997,19.5039757447908,19.654526235457,21.4274449065657,17.349718978715,17.6788822908665,21.473187695367,21.0525129343121,17.8980062255328,19.9024427694431,17.2178657675967,20.3610421401656,21.7097253430665,18.6982842437683,21.4392513693915,17.8355738033409,16.8382525762051,18.5255471249226,20.1420176551742,21.5444248920197
"78",5,0.001,0.5,5000,19.6368118095096,18.0250014764705,18.5235707907068,20.2229952234768,16.50141862523,16.931406711657,19.7892819826049,21.2017046769554,17.3565296239424,17.6394706734358,15.7944941904664,19.3055586208429,19.454155408863,17.7214124999546,19.6271677055565,16.6504266469645,15.4027645819894,17.1347325570394,18.9294486471705,20.0445806660593
"79",5,0.001,0.5,8000,19.6706270506183,18.0238310849654,18.8977481263824,20.2917903783694,16.8206393514465,16.9960528757831,19.8054530560364,21.6729034304235,17.7095640266749,17.3316213038837,15.5336221795621,19.2890204150041,19.1665587865524,17.6006832338343,19.7016203523676,17.0796690425996,15.654270062515,17.4234962895252,19.0924290777873,19.9222012843467
"80",5,0.001,0.5,10000,19.7410702438907,18.096328068174,19.1520239591876,20.3668600938518,17.0196879610461,17.1040439557361,19.9617387662191,21.9238888177998,17.9139781639857,17.2654980000455,15.521996207797,19.3462412709914,19.2133448968514,17.6352596729922,19.8372213392696,17.3887318956276,15.9152814940539,17.6756069072573,19.2264450485913,19.9307596734926
"81",5,0.001,0.75,3000,20.4920992232461,19.4934223237414,19.7484769436146,21.6978090253697,17.3319065635843,17.6417550504467,21.5788497760512,21.1363644845278,17.9455775658476,20.1643747842531,17.1792835031039,20.3125409105761,21.7883449025328,18.9143611398708,21.40454092118,17.8929397518747,16.9112848370983,18.4253016187765,20.0134976075495,21.626578996823
"82",5,0.001,0.75,5000,19.6999544385172,17.9212354310367,18.712784442903,20.4908992145168,16.5993093589558,16.8978475171347,19.7965733334914,21.156198780885,17.2604299702579,17.8985334370623,15.6371545186441,19.1291706817842,19.4484468266071,17.957804426299,19.6423471920456,16.6715289549047,15.3553019017368,17.0270671702585,18.8397779973985,20.0756935024567
"83",5,0.001,0.75,8000,19.7352209009796,17.8741948874224,19.0469782053343,20.7321296883356,17.0190354598674,17.0915321445806,19.8130729734602,21.7663559009599,17.5981197460498,17.6898128454067,15.5231283731387,19.2133484280921,19.1203354385812,17.9918460605086,19.6850641308307,17.0332059164954,15.6127140366163,17.2663940599712,19.1084303014894,20.0308614280732
"84",5,0.001,0.75,10000,19.8235851434847,17.9356615198646,19.274043361174,20.8973980603916,17.2292591279235,17.2308094805502,19.9601315322595,22.0646439885617,17.8166690031407,17.7390272209767,15.5303405578335,19.3435033569596,19.1673523257313,18.075276121851,19.842358235761,17.3150817394995,15.8985775724683,17.5226352795028,19.257639560039,20.1275184729642
"85",5,0.01,0.25,3000,22.0284443791754,20.9117931675646,21.428817319816,20.6972611050364,18.9656584471977,18.1935406785411,21.11943304278,22.7886995006285,19.3122469659316,18.0431464292644,16.4859013038999,19.6607367080798,21.5161163853471,18.3165566281388,21.6074335584506,19.5882040885535,18.4034602567991,19.3409819417317,21.2774751568923,21.4630841257296
"86",5,0.01,0.25,5000,22.6519315594804,21.5854333620042,22.1299684887304,21.0735213513177,19.4974457197939,18.5016711903356,21.8513481366346,23.302055198495,19.9689964899414,18.335082713826,16.6600627943456,20.2262544173166,22.0243104869143,18.8473625861497,22.4044956652733,20.5737057218149,19.2590806692979,20.1211826593076,21.663849887958,22.061659876903
"87",5,0.01,0.25,8000,23.138054321437,22.1393531773064,22.6055998662263,21.5311044868669,19.9209314900199,18.8561732829301,22.442053377414,23.6600947592335,20.3196783820423,18.5788126865718,16.9431172870142,20.4828297843718,22.5493931562564,19.0995384669222,22.5426272109731,21.2712690745224,19.6446859967723,20.451759452728,21.860465128323,22.4072527226984
"88",5,0.01,0.25,10000,23.202280949683,22.2559691540577,22.7064060325335,21.7526806925439,20.1634623377557,18.9961603334951,22.6576434154256,23.8186190629311,20.4927701588725,18.7720999659569,17.0255040764876,20.5942668601213,22.6540982956645,19.1955102394921,22.5879779276094,21.6421510171045,19.6980949042963,20.5398227203289,21.8181735740281,22.5631113203414
"89",5,0.01,0.5,3000,20.8945150259775,18.9087336410746,20.7796215364896,20.9336675792196,18.4194351677361,18.1276231721256,20.9175896223056,23.1868528821505,19.3302449244509,17.6809241221596,15.8922473133788,20.1365855729301,20.1843615097461,18.9243274805885,21.0296936176978,18.8581456233543,17.5744486337364,19.4343494907524,20.5986855129856,21.091703223039
"90",5,0.01,0.5,5000,21.4458898719079,19.4004560285717,21.436943764056,21.4435285239714,19.0208561334994,18.6046220780003,21.5072128273229,23.6677924459352,19.8651873426655,18.2038858152961,16.1655739696067,20.5740650367862,20.5908691290311,19.3572016855117,21.4306210683515,19.412292458328,17.9931822358762,19.8770918919058,20.8933151123932,21.6024229093456
"91",5,0.01,0.5,8000,21.6504682152785,19.8177583626168,21.8302404888659,21.8343986826918,19.4519326076195,18.9223214762317,21.9000616883028,23.9207097153313,20.2713372579042,18.4947985551527,16.4106547561279,20.8473906292842,20.8920585550982,19.6666254917399,21.7428641017293,19.8567734648535,18.2543774110661,20.2310667031355,21.1390856177744,21.8935425912041
"92",5,0.01,0.5,10000,21.7417645617924,19.960843030134,21.9257604827828,21.9097382069648,19.5555523361832,18.9869239332125,22.0064252758389,24.0478484302964,20.3772199511978,18.5695355637081,16.4739707620342,20.9490195483036,20.9909080052956,19.7601587377177,21.8137240560033,19.9481699705034,18.3357774667323,20.3087766692609,21.1793129647736,21.9527946538033
"93",5,0.01,0.75,3000,20.5928747188938,18.6218706999157,20.4976760850614,21.7676811440495,18.8630188029817,18.3970215855259,21.2703142607441,23.274431083742,19.1732877064556,18.3604123721379,16.0535923407466,20.4057713083697,20.0252570395614,19.318297739982,20.917859811461,17.9123598975306,17.5911989709459,19.0508654259068,20.3508344126046,20.7267599278395
"94",5,0.01,0.75,5000,21.0807934037323,19.0754979328787,21.1191056805516,22.1426236956185,19.4749598467549,18.9829645541067,21.6899339162047,23.7128907707375,19.7130229212578,18.6800805810099,16.4828497415797,20.8621707417919,20.5343470723861,19.8694648649913,21.1895790745067,18.2647545207697,17.9931635399848,19.580043924198,20.8414157538089,21.1362854367846
"95",5,0.01,0.75,8000,21.3438147210487,19.3687379421561,21.3879556427395,22.419044641739,19.8419016210669,19.3127046929724,21.967777170405,23.9537577211675,19.9967506813978,18.8816291018887,16.6997832282667,21.1139661330653,20.7722507767204,20.1355223349493,21.4144538936743,18.5106833220136,18.1706696204705,19.8318302908437,21.0703935057222,21.3673070785189
"96",5,0.01,0.75,10000,21.3980955259623,19.4424371028031,21.4515938928344,22.4859224011482,19.9377199323888,19.399496709662,22.0243510011815,24.0184535928254,20.0475813045899,18.9319729251679,16.7228227040457,21.1981395107865,20.8495040154095,20.1914396666051,21.4656510243537,18.5778163321416,18.2331272916524,19.8772231849691,21.1100784044504,21.4250660880154
"97",5,0.1,0.25,3000,28.179021816709,24.0763960027419,25.6913175455016,24.561341759382,23.6756815449798,22.3387058057484,28.0091772187023,25.1587800305104,22.9146270007643,21.6419216071816,21.9663127272813,25.5804177201559,24.4814504175058,22.2314370927884,24.3949632933465,25.2268071638446,22.9166852944329,22.3452651855963,24.3038007877988,23.5590951251358
"98",5,0.1,0.25,5000,28.1893463412697,24.0678616094266,25.6948374793455,24.5673300331393,23.6752214410911,22.3447756438935,28.0236172905147,25.1791644502358,22.9352481655316,21.6451820316052,21.9743487444337,25.5852882516991,24.4775407895655,22.234162247103,24.3972364570826,25.2322680303965,22.914112311371,22.3629704344602,24.3077381011796,23.5577157051122
"99",5,0.1,0.25,8000,28.1910688170924,24.0675971269899,25.6950034447652,24.5680850052805,23.6753198749919,22.3454850434079,28.0237920600223,25.1800250284256,22.9358483438537,21.6453205794554,21.9743226334832,25.587625694589,24.4779812779717,22.2328256101572,24.3982071930833,25.2330889516817,22.9139760983626,22.3639808764103,24.307694679117,23.5573177932264
"100",5,0.1,0.25,10000,28.1908565933576,24.0675859105646,25.695022383849,24.5679917544004,23.6752659859966,22.3455491830884,28.02378119056,25.1802823313627,22.9358630907065,21.6453495135368,21.97433905265,25.587739322581,24.4779977802162,22.2329284770264,24.3983917467713,25.2332130082409,22.914039593888,22.3643550552663,24.3076971169809,23.557240352576
"101",5,0.1,0.5,3000,23.5431051651119,21.7954981968483,23.6334531917569,23.8446435064481,19.9720694344035,21.451340217069,23.1392228859478,24.5628478083827,21.6409017545731,20.994656305756,19.6406648293908,21.8267180330472,22.7979868691809,20.1669688191276,24.5763241646701,20.4651069163653,20.0287396474773,21.3020424783032,22.118423964207,22.0339121971336
"102",5,0.1,0.5,5000,23.5431155828329,21.7962918777882,23.6336143805766,23.8446661641192,19.9723824738303,21.4516262751344,23.138882433335,24.5625482977852,21.6424790020705,20.9950367928707,19.641090371911,21.8267591449679,22.7981626788693,20.1669380856158,24.5760618166358,20.4650775087201,20.0294203936679,21.3024545622034,22.1183918645611,22.0338976677406
"103",5,0.1,0.5,8000,23.5431155653846,21.796289081487,23.6336164151905,23.8446693019595,19.9723846264267,21.4516274549692,23.1388799200381,24.5625551176542,21.6424899266865,20.9950419093013,19.6410947544294,21.826768226882,22.7981652514124,20.166940591206,24.5760583532031,20.4650770948092,20.0294214890754,21.3024524693115,22.118384304525,22.0339054828522
"104",5,0.1,0.5,10000,23.5431155662229,21.796289080339,23.6336164257215,23.8446692941264,19.9723846340613,21.4516274693369,23.1388799193606,24.5625551290106,21.6424899188483,20.9950419112027,19.6410947556089,21.8267682248794,22.7981652625013,20.166940590445,24.5760583478133,20.4650770976046,20.0294214837948,21.3024524707334,22.1183842987435,22.0339054740195
"105",5,0.1,0.75,3000,22.7295903416989,20.5387248057155,22.1650447814018,23.4658014580408,20.2627884907696,21.1305759431187,21.6225443204271,23.7913041455372,20.6695404875897,20.1648928554752,18.9379884315055,22.3694211298054,21.5876046464833,20.6138376628309,22.8327254282819,20.1339024074553,18.8123760649792,20.5485099861741,21.8758246245759,22.6664992939173
"106",5,0.1,0.75,5000,22.7297983237613,20.5388507254443,22.1652353598027,23.4660358701685,20.262858201463,21.1307599413406,21.6225662935636,23.7913603866672,20.6698759379069,20.1650411148144,18.9379803213839,22.3695869956124,21.5876680970279,20.6138717564927,22.8325857986522,20.1337596482535,18.8126585302892,20.5486323169778,21.8759420166444,22.6669613064627
"107",5,0.1,0.75,8000,22.7298003628855,20.538850817355,22.1652361757048,23.466036251407,20.2628592191136,21.130761141948,21.6225662976797,23.7913613663576,20.669876831212,20.1650420473201,18.9379798324185,22.3695874686896,21.587668513285,20.6138719822715,22.8325841138321,20.1337590329949,18.8126586190434,20.548631695083,21.8759416193831,22.6669643936185
"108",5,0.1,0.75,10000,22.7298003627494,20.5388508172592,22.1652361758129,23.4660362519807,20.2628592192383,21.1307611423219,21.6225662978897,23.7913613662271,20.6698768319244,20.1650420473533,18.937979832231,22.3695874682294,21.58766851377,20.613871982261,22.8325841135752,20.1337590326592,18.8126586191171,20.5486316949439,21.875941619441,22.666964394396
"109",7,0.001,0.25,3000,21.5741174997593,20.5235715003247,20.287322353437,21.262968827162,17.9425466610392,18.4005929874738,21.6501862446571,20.7618579221073,18.268066686005,20.1980139349656,17.9840103803057,20.5971917913673,22.0097123321567,18.5747375032741,21.8358811703147,18.6398699343276,17.9940382496383,18.9160249900591,21.1077527553085,21.9423106109905
"110",7,0.001,0.25,5000,21.1853307909751,19.2395863888866,19.0699069347681,20.2656563119817,17.0261017247784,17.5223563483731,20.1329618652072,20.5707641181149,17.8653098069375,18.1107002276961,16.8469747577999,19.7846697920428,20.2679339667393,17.5408979799822,20.1308939164989,17.5705844871799,16.4626164035171,17.6455720142655,20.2122959109468,20.8484384920558
"111",7,0.001,0.25,8000,21.4575013645968,19.2669047074011,19.3632747056307,20.1956938681055,17.1460910488511,17.4697049694036,20.144289320835,20.9194739411553,18.0084377318358,17.7786311002571,16.6063308767523,19.6355395469581,20.1717953437668,17.3897901956511,20.0259589512657,17.8221890014611,16.578362689058,17.7930267576962,20.2868714034729,20.883776613078
"112",7,0.001,0.25,10000,21.5466804147037,19.3585680876397,19.63443160414,20.2510641970027,17.2758781784017,17.4624491719528,20.325036737882,21.0877612675016,18.164849763859,17.7316099350841,16.6037772986157,19.643358302429,20.228201830141,17.4357901568334,20.1036115386348,17.9578213869521,16.8303249888989,17.9429445973361,20.3999509428656,20.8964405661172
"113",7,0.001,0.5,3000,20.1366433968551,18.9797778277562,19.5127072018322,20.722530387035,16.9136746002165,17.272531850169,20.7982957702688,20.8439997088296,17.640035787628,19.2638455531456,16.8511113745498,19.8463623423186,20.9115593510305,18.2484783579216,20.8825044762234,17.6621113797437,16.3831641636901,18.2563725218866,19.9625758228303,21.1759192026755
"114",7,0.001,0.5,5000,19.6391292121342,17.6388866106269,18.5388524250837,19.8629514003012,16.3303864956903,16.6668704867514,19.4198135967927,21.0301030619029,17.3168021747497,17.26998540739,15.6680494724748,19.0368493228658,18.8895368907411,17.4643887383817,19.4260802081009,16.5895151139782,15.1237058580079,17.1326378918873,19.013709745001,19.8977753598303
"115",7,0.001,0.5,8000,19.7555666790808,17.7232309685595,18.9599097096239,20.0601336265636,16.7885917298656,16.7866466193445,19.6946045491846,21.5494230684056,17.7195873582545,16.9858750516232,15.5001992012176,19.1323230129651,18.7609041138172,17.4909413202671,19.5276433247348,17.0210394404442,15.5984394522698,17.4975150194093,19.2206098327826,19.8103464863863
"116",7,0.001,0.5,10000,19.8162955901613,17.8323597982622,19.1643837985538,20.1833404742587,16.9794298652394,16.9388467521871,19.875802289816,21.8078805033131,17.9433938441748,16.9931215004218,15.5156888266602,19.2495463194817,18.8520079274454,17.5784052882524,19.6580530791553,17.2921582385721,15.9359693568419,17.770007379256,19.373936118561,19.8926821423154
"117",7,0.001,0.75,3000,20.2197255662535,18.9467984736963,19.6023030590604,21.1182535596585,16.9928409914568,17.1558209687685,21.0838777967433,21.0244314853368,17.7485063399933,19.5110546798464,16.6248817623443,19.8231490379373,20.8930475945752,18.3615073137857,20.9020776729684,17.8219091262054,16.3382662523005,18.2071797437362,19.9134486661608,21.4073310370891
"118",7,0.001,0.75,5000,19.6384179546725,17.6272240558495,18.6997078015202,20.2634767831938,16.606001905588,16.5552433281141,19.6603358511683,21.3063844059467,17.2367839946315,17.556548867868,15.4556248876033,19.0117384242211,18.8691898457895,17.6556632853294,19.4199411655939,16.7065112161497,15.1350771121899,17.0585420903145,18.9758181694185,19.9823405125187
"119",7,0.001,0.75,8000,19.7480696983241,17.6590086926739,19.0416879954299,20.6259552810332,17.0575908280052,16.7575741158765,19.7940893231839,21.9118509170308,17.6827180208865,17.455400392737,15.446633786244,19.2666389939683,18.7439543041848,17.8059370454588,19.6144437931497,17.0729326934669,15.5748100685163,17.4760289927829,19.2456708633381,20.0535733096584
"120",7,0.001,0.75,10000,19.8315586536809,17.7452185197343,19.2288889086573,20.7706978612048,17.2882004449869,16.9406565994091,19.9564801719735,22.1265575544623,17.9270184451325,17.53094077693,15.4743344141187,19.4020475537254,18.8180819521141,17.930771707255,19.7664163180545,17.3257043438827,15.8905953964001,17.7331689421599,19.3978833247599,20.1815247281435
"121",7,0.01,0.25,3000,22.6396567139915,20.5766294328345,21.3360830041166,21.3329903648423,18.9298884787719,18.5536871381114,21.3576130223967,22.5401396287449,19.3690882545239,17.8248859730156,16.9036882242692,20.3783199208325,21.2212819498379,18.8257522652641,20.6644463805386,20.1590222157941,18.3516126285779,19.2746101839165,21.1896419207433,21.3629173317102
"122",7,0.01,0.25,5000,23.0148448452487,21.0086571832852,21.8239601006449,21.5959160199456,19.4054908078802,19.0617975825843,22.1344585890614,23.0090523260625,20.088057569311,18.202727018776,17.1215208178378,20.7902474107815,21.6163864588361,19.1289673233832,21.0887897192629,20.9829157980873,18.8486383496192,19.9255822806162,21.3276941064966,21.6393671764177
"123",7,0.01,0.25,8000,23.2192514802758,21.3074666273595,22.116328347404,21.9518793616539,19.7424848620585,19.3278378049739,22.728894752349,23.1419704180214,20.3714287873902,18.4095731803019,17.3715247321277,21.0915178476211,22.0178542315235,19.3163775748415,21.3521083534038,21.4759606491081,19.07283809572,20.1665410813801,21.5146369396993,21.8551132066838
"124",7,0.01,0.25,10000,23.2933187526176,21.4305926489445,22.1781646231738,22.0181282990878,19.8473513870068,19.3749207674599,22.8770743866738,23.2112757845045,20.4850967536376,18.4675914155427,17.4455129832584,21.1362639436259,22.0980931045885,19.4090773959032,21.3836632879951,21.6799416342545,19.1734936454457,20.2283652101564,21.5676631980906,21.9122404547093
"125",7,0.01,0.5,3000,20.84086764796,19.0690650131039,20.5559095734257,21.0752887671066,18.3469830618617,17.8375978132832,21.3173924536651,23.3476996727477,19.1733880880146,17.8688665734446,15.7802166741693,19.8816974673243,19.5629485748547,18.3188665797012,20.8132494433606,18.7184908378419,17.417964391963,18.9956785742889,19.874421570391,20.53715628447
"126",7,0.01,0.5,5000,21.1598399977618,19.4267747546759,20.9350636657684,21.419091304601,18.8337913610163,18.222531208499,21.7110051616337,23.6080754597583,19.6142176704021,18.143029877188,15.9882586812146,20.1396484616205,19.919538631202,18.6165910776388,21.0728115025513,19.1592385554778,17.6436248939862,19.4351694728587,20.1903227910638,20.7636235793758
"127",7,0.01,0.5,8000,21.2880943206898,19.5978935212533,21.0977755975323,21.5653465596785,19.0386683141082,18.3834412713789,21.9599599187897,23.7175476846562,19.7972951244488,18.2731078793269,16.0643224121827,20.2899019785969,20.0827855570604,18.7318019364533,21.1842147969944,19.3390299958266,17.7365800497756,19.62887574055,20.2929757450272,20.8784047847688
"128",7,0.01,0.5,10000,21.3046813892584,19.6394729593101,21.1364304280068,21.6041183572286,19.0830219805351,18.4099720420028,21.9864228274709,23.7444845125484,19.8261333112348,18.2873449469166,16.0816241991391,20.3246747499166,20.1202440784989,18.7566160854099,21.1868021650181,19.3726690649753,17.7429487401826,19.6549790701477,20.3176605279439,20.8939971990172
"129",7,0.01,0.75,3000,20.5946929950559,18.4172594401203,20.1767345269612,21.6526683059346,18.3365975703773,18.0051758946573,21.2630488924135,22.773579190326,19.3543388885449,18.1218195885229,15.7315760297693,20.3354472775656,19.7721092383666,18.7480120207863,20.806058550359,18.385294866732,17.3536761466928,19.0797133274846,20.4024638096926,20.926936811714
"130",7,0.01,0.75,5000,20.844235833937,18.7218429443241,20.4323240367972,21.8825372906821,18.5812325690283,18.3258573770596,21.5405919424966,23.0815318264827,19.7628071243148,18.3557292184425,15.8992077379017,20.5875667263296,20.010189596954,19.0137202806128,21.0014876811081,18.6505738704467,17.5493293677611,19.4024399508937,20.6635773990045,21.1648342535308
"131",7,0.01,0.75,8000,20.9436770886659,18.8684807377481,20.532901209959,21.9791047528228,18.7345470976888,18.4554693109847,21.6995023126588,23.1944549628237,19.8767657623661,18.4459562785771,15.9448872759687,20.7057034040185,20.0996337913245,19.1146787556482,21.0514602637818,18.7641492760236,17.6213887707934,19.5059587122586,20.7392199206965,21.2194159848188
"132",7,0.01,0.75,10000,20.9584389425222,18.8969831333656,20.5486104735513,21.9976646696895,18.7630866124575,18.483631386604,21.7237200218235,23.2129939522964,19.8989114649927,18.4617506263009,15.9559016985181,20.7209170443043,20.1041374584037,19.1290819934949,21.0549147013165,18.7804837342886,17.629018796749,19.5260638467287,20.7521373583569,21.2248158366512
"133",7,0.1,0.25,3000,26.0579564508729,25.801428933015,24.7684828844929,23.7906569334003,23.3019075538311,22.1968306940681,24.1792764291277,25.3457676707259,22.4769887911792,22.3755864049993,19.3041452606448,22.1919514814449,23.6351756264668,22.3116162604026,27.6630641418793,24.6162570614906,21.8705141141487,21.9776432547612,23.594793794008,23.2547795771495
"134",7,0.1,0.25,5000,26.0663397838594,25.8216659835471,24.7821816691784,23.800754323229,23.2756366624553,22.2184432846315,24.170029000356,25.3683031603048,22.4889310110637,22.3653596635778,19.3084341855893,22.1892215985222,23.6241611742172,22.2981529844294,27.6624038715731,24.6063029245821,21.8708070908329,21.9743932068842,23.597635746098,23.2796129884353
"135",7,0.1,0.25,8000,26.0563456619278,25.8237730427571,24.7855768679502,23.7979695193077,23.2743788742801,22.2278523928748,24.1677065996551,25.3726668621755,22.4907368740776,22.3596616597135,19.3104709427736,22.194139521953,23.6296485296322,22.2998833482693,27.6642616855861,24.599647939369,21.8712795185304,21.973930496265,23.5984836538927,23.2861047604226
"136",7,0.1,0.25,10000,26.056821261204,25.8234945638321,24.7844550568226,23.7976019523878,23.2749318398036,22.2275916503204,24.1676903956887,25.3732259168377,22.4912811535583,22.3594109165256,19.3106930422963,22.1947957721764,23.629784166432,22.2998054390017,27.6640472248619,24.5992500089844,21.8714822069615,21.9740122735717,23.5983562326801,23.2865357608132
"137",7,0.1,0.5,3000,22.3787562185547,20.4534199770404,22.6454128789275,23.4937242780083,20.6851335170826,19.5476495448589,24.5982550800352,26.0138959899606,21.3028206962028,20.5725281796858,17.8325438927036,21.9922343187482,21.1310378180302,19.1112319205741,22.1546742787938,22.2566850601239,20.8550904233609,21.0428216682076,22.3292171249292,21.4215583776589
"138",7,0.1,0.5,5000,22.3787863656612,20.45342973675,22.6454237618715,23.4937418308717,20.68515232271,19.5476536543667,24.5982558171922,26.0139128199405,21.3028381841113,20.5725310329527,17.8325425238429,21.9922249859292,21.1310305111181,19.1112312274225,22.1546669407389,22.2566976141475,20.8550779615379,21.0428280127338,22.3292262309997,21.421565849921
"139",7,0.1,0.5,8000,22.378786370911,20.4534297424102,22.6454237680729,23.4937418532642,20.6851523194287,19.5476536475709,24.5982558112326,26.0139128312471,21.3028382017453,20.5725310230113,17.8325425272085,21.9922249808764,21.1310305088307,19.1112312314715,22.1546669355074,22.2566976206691,20.8550779498995,21.042828019999,22.3292262250502,21.4215658490051
"140",7,0.1,0.5,10000,22.3787863709109,20.4534297424103,22.6454237680728,23.4937418532646,20.6851523194289,19.5476536475708,24.5982558112327,26.0139128312455,21.3028382017466,20.572531023011,17.8325425272085,21.9922249808769,21.131030508831,19.1112312314714,22.1546669355073,22.2566976206687,20.8550779498993,21.0428280199991,22.3292262250505,21.4215658490055
"141",7,0.1,0.75,3000,21.2222487777454,19.8798006808466,21.644109421219,23.1991332423264,19.9824937521879,19.638552489818,21.5520453380451,24.4879955263439,19.8992045441894,18.9371367800236,16.4004890615373,22.4949362743967,21.6528464725575,19.9160399218728,22.2079870352955,19.8672489163493,18.5073359113241,19.6284349757526,22.2531691837797,21.4606622126458
"142",7,0.1,0.75,5000,21.2222484351579,19.8797996240655,21.6441129117651,23.199134197761,19.982498088929,19.6385527374993,21.5520463302116,24.4879953606796,19.8992071342897,18.9371377475451,16.4004884064621,22.4949364630145,21.6528486426531,19.9160376953936,22.207985186197,19.8672499918161,18.5073373474982,19.6284355718478,22.2531701065769,21.4606640506935
"143",7,0.1,0.75,8000,21.2222484352066,19.8797996232423,21.6441129119908,23.199134198776,19.9824980888,19.6385527385701,21.5520463307101,24.4879953606183,19.899207135093,18.9371377476893,16.4004884059013,22.4949364635143,21.6528486426594,19.9160376950403,22.2079851863089,19.8672499912118,18.5073373478071,19.6284355715197,22.2531701064769,21.4606640513147
"144",7,0.1,0.75,10000,21.2222484352066,19.8797996232423,21.6441129119908,23.199134198776,19.9824980888,19.6385527385701,21.55204633071,24.4879953606183,19.899207135093,18.9371377476893,16.4004884059013,22.4949364635143,21.6528486426594,19.9160376950403,22.2079851863089,19.8672499912118,18.507337347807,19.6284355715197,22.2531701064769,21.4606640513147
