"","V1","V2","V3","V4","V5"
"1",2467,3720,4322,31,1073
"2",3636,1502,2545,1510,2184
"3",967,3823,1679,4222,2165
"4",2089,2614,2330,3137,2193
"5",2741,3270,1516,176,3696
"6",2785,4242,1752,398,2835
"7",1507,2654,1482,2234,290
"8",1381,3294,4386,430,3521
"9",1160,229,4412,2928,1993
"10",1760,3137,1536,1765,3966
"11",3803,4186,4019,2442,1831
"12",92,3206,100,4469,3527
"13",4486,1603,2920,4164,4365
"14",2281,321,2369,1312,3269
"15",2318,1410,846,4032,3939
"16",1399,2463,2201,883,2890
"17",533,1756,1814,1785,1666
"18",1974,1894,3227,419,1851
"19",3717,3942,1071,462,2222
"20",523,2195,3841,4268,1358
"21",798,2670,3273,3272,3802
"22",1279,2551,673,923,2917
"23",4501,2059,849,77,133
"24",2769,956,1509,3346,1054
"25",667,3852,4403,442,2607
"26",3185,3862,2925,1767,2199
"27",306,324,1620,128,3113
"28",721,4020,1949,4185,663
"29",3823,2492,1845,3667,2052
"30",4384,334,2619,4001,2174
"31",995,958,224,1625,118
"32",4284,24,297,2083,3930
"33",3591,2624,1915,4172,315
"34",3482,2697,1484,3728,1362
"35",612,2301,2068,2435,189
"36",1301,2955,591,3039,144
"37",404,768,3968,2900,2412
"38",3239,211,4185,1866,55
"39",4410,3359,4449,3067,1288
"40",2793,2255,3475,3782,40
"41",2970,3653,1757,3784,1797
"42",4272,3683,3961,817,4051
"43",2319,3036,1228,2716,2608
"44",2127,1364,2941,1971,368
"45",4183,2768,329,1762,3522
"46",3889,1935,311,2796,1100
"47",853,1933,909,2933,1953
"48",772,2772,4212,3240,3385
"49",757,1343,1100,1466,2567
"50",3977,3671,415,1556,2147
"51",1554,790,3439,3112,450
"52",427,4233,1399,2833,1050
"53",2540,981,2293,696,1327
"54",3652,1537,1843,2990,2438
"55",1848,1986,4485,4103,3686
"56",1148,4222,3005,2512,183
"57",110,2230,3396,866,968
"58",3415,3537,3834,1500,3576
"59",2937,136,3914,3445,4151
"60",75,3318,750,1267,3343
"61",4453,704,204,4209,3480
"62",4219,822,281,2496,850
"63",762,1444,2678,3427,2981
"64",1064,2559,1306,2093,2424
"65",2928,1736,1024,105,1608
"66",1830,1798,2537,2576,2374
"67",1410,3091,615,1799,106
"68",507,577,379,2816,756
"69",4311,3795,3106,4009,2891
"70",3309,4160,2519,827,752
"71",758,295,4276,1939,2519
"72",1433,1379,751,3766,2439
"73",4335,2777,1492,2553,3874
"74",4094,1247,2291,3386,1710
"75",1679,2296,784,2873,1507
"76",4456,4281,1045,174,2195
"77",3758,4050,874,390,3172
"78",4289,695,4141,1365,1635
"79",3509,3810,1726,35,2953
"80",357,4294,3159,3285,2191
"81",3944,4444,1871,1972,2985
"82",1337,429,1545,1637,611
"83",4274,3840,511,1719,744
"84",1872,867,1441,1953,4137
"85",170,945,2754,1874,1449
"86",3020,3061,3313,1976,2409
"87",2914,3069,4284,3566,1035
"88",2962,584,3540,4163,2895
"89",1767,4463,3725,3422,818
"90",370,3084,3305,760,1838
"91",997,2549,256,1215,4138
"92",3565,1314,3689,2105,1590
"93",4216,1910,2762,4133,855
"94",3884,976,4009,1742,887
"95",4245,4494,3422,3542,1918
"96",1117,3995,3420,3,4174
"97",2806,2034,1201,750,897
"98",2839,2289,2256,3792,259
"99",262,1769,1029,3973,1803
"100",2425,399,2370,3955,1005
"101",1816,2042,3109,1150,2244
"102",718,3561,1129,1020,2226
"103",3003,3487,44,4328,2201
"104",1506,1706,346,191,473
"105",613,3525,1362,1099,1604
"106",197,2438,2297,644,1492
"107",3191,2798,4016,1201,2813
"108",2898,1746,2157,2317,4030
"109",3379,642,508,3975,1503
"110",663,1981,3959,3020,1959
"111",4337,3190,3419,2395,3748
"112",4277,1014,254,4206,2435
"113",103,1476,1971,1573,2778
"114",2755,987,2060,2304,1182
"115",3384,1999,2088,116,4384
"116",3098,1926,691,2884,3936
"117",2871,4250,3894,2441,877
"118",1486,3158,3618,3148,1469
"119",144,3459,2760,666,2849
"120",1729,3079,2381,4040,3789
"121",304,4062,2989,2451,4207
"122",615,2108,602,2115,4163
"123",2717,1125,2304,4223,3092
"124",212,4341,948,1802,4270
"125",2906,27,1320,1422,1373
"126",1543,2863,739,4215,932
"127",1521,4293,4214,1253,1369
"128",1711,2386,50,1905,3947
"129",2861,887,3707,1182,1919
"130",940,1557,2670,48,256
"131",1158,1790,3065,2580,2116
"132",1233,601,189,2998,1987
"133",2497,407,1868,2588,2732
"134",3179,1744,1751,1797,668
"135",2618,3632,2556,231,4452
"136",1274,2454,1741,1662,4474
"137",1565,2263,1061,3356,2145
"138",2472,491,4002,3683,2396
"139",2558,1558,528,4358,1117
"140",2465,4292,1782,2051,1876
"141",504,1883,1773,530,3499
"142",1453,3611,1577,4112,3968
"143",2234,1213,225,638,2544
"144",3969,412,3545,3458,2682
"145",328,4136,63,1974,3431
"146",4025,276,1481,4504,2354
"147",346,1020,3538,2490,3327
"148",4316,2508,4316,1940,3688
"149",154,3637,3816,620,1450
"150",340,4239,1626,1101,4210
"151",943,2345,4500,456,230
"152",787,2153,990,3867,3123
"153",4361,1132,2265,2119,3222
"154",25,2913,167,1951,3790
"155",3948,2608,2969,309,1900
"156",2489,4180,318,3448,3131
"157",3349,2999,2791,1985,3714
"158",1526,690,3035,1470,3051
"159",1783,969,1311,2776,1417
"160",4497,4410,3483,3170,1201
"161",753,1598,1283,1631,1315
"162",2031,440,1338,3107,373
"163",1993,1920,4105,2104,1857
"164",1788,3117,863,3679,894
"165",1049,4254,3732,4334,1392
"166",515,213,1696,660,632
"167",703,2954,965,3034,647
"168",3669,1285,789,4186,1660
"169",443,2395,2474,2765,3550
"170",1857,4025,383,3126,1747
"171",1551,3584,223,743,1486
"172",3299,3458,3248,3319,1937
"173",1947,1411,1349,3275,2370
"174",3214,4434,2478,2710,1400
"175",198,4287,743,3461,3512
"176",2033,2214,371,42,3765
"177",1441,543,319,2995,4337
"178",2603,3600,860,850,337
"179",3428,4263,309,860,4345
"180",1718,2817,1154,3641,2077
"181",1437,3402,3271,4312,1307
"182",510,2922,2635,884,3703
"183",2502,1159,3180,3151,2486
"184",4239,2186,726,1578,1422
"185",3692,3457,4506,2509,3986
"186",3065,1225,696,951,2225
"187",2863,4075,4174,3024,562
"188",4246,2977,1078,4391,2450
"189",2194,898,2621,735,1383
"190",1877,4017,1648,1266,2237
"191",598,3223,3072,3434,3839
"192",2982,3570,1686,4251,209
"193",1489,1282,251,2924,2918
"194",1280,4100,1001,1121,3706
"195",1762,899,2725,2735,3794
"196",1175,1130,1977,4257,4481
"197",3827,1070,3264,3355,1144
"198",4268,1178,1288,1059,219
"199",4492,473,2413,1523,460
"200",1556,2555,2663,1453,2010
"201",4435,2002,1716,654,2502
"202",1183,4059,1801,130,1330
"203",2450,380,1867,2846,4493
"204",583,2595,1672,885,1942
"205",3921,2827,2321,2250,1762
"206",1118,846,89,2293,1670
"207",2024,3911,4100,39,1136
"208",167,2774,3019,4037,3701
"209",3426,3293,2042,2733,1048
"210",3686,2518,2391,3196,3772
"211",822,592,3804,4224,2880
"212",3682,897,4240,2600,397
"213",803,3740,788,672,325
"214",2519,952,4341,2594,2279
"215",1511,119,2119,1131,1686
"216",1197,2966,4329,28,3898
"217",867,4332,2781,2281,2350
"218",344,3974,1767,2575,2619
"219",2328,1116,614,602,1076
"220",4505,3220,2806,3946,1031
"221",1352,384,322,71,3120
"222",2049,1850,3924,4153,33
"223",3950,3864,1094,3449,2996
"224",4207,2198,1742,3833,775
"225",3130,3928,1652,3624,920
"226",3859,3895,539,1512,1127
"227",100,3696,3256,4017,3342
"228",1378,2755,1109,3373,3804
"229",1873,633,3855,2537,1726
"230",24,3310,249,458,1219
"231",734,443,1878,4448,1312
"232",3412,4308,3355,2693,2790
"233",1886,864,2209,2094,1755
"234",2379,3984,104,3622,918
"235",1205,3051,1581,1479,1344
"236",3403,1173,2574,422,96
"237",183,4262,144,117,301
"238",3579,4154,3380,931,3402
"239",2200,2337,4254,4329,2948
"240",4140,2885,2079,568,1413
"241",3049,2648,3510,83,2867
"242",3432,1585,2530,1704,422
"243",1661,4473,3195,3279,832
"244",2344,3687,893,2024,2039
"245",2849,3791,2557,2888,2491
"246",2676,894,1287,60,631
"247",2348,982,3254,1638,4213
"248",4498,3670,764,2836,3283
"249",4448,926,3220,4201,405
"250",4414,1772,4010,932,1282
"251",193,2900,1308,3420,328
"252",3995,1533,4101,3669,1753
"253",586,3861,342,2760,584
"254",335,2352,2441,2897,3366
"255",1328,4441,4352,2946,3938
"256",3887,1111,1500,2063,1559
"257",1142,3367,291,1721,1461
"258",1321,3326,2677,870,998
"259",775,2369,2758,10,1339
"260",1944,155,3454,2493,902
"261",3964,1991,3239,1930,3461
"262",1266,691,4435,1599,2410
"263",4243,1881,2296,632,446
"264",3254,3694,1275,4108,4072
"265",2242,3144,2799,4317,1072
"266",4374,1391,1951,3950,201
"267",2216,3835,1234,2505,1328
"268",2607,3274,1350,4438,4256
"269",1428,4000,3744,4275,1623
"270",2150,1482,3704,1464,865
"271",3075,4178,3972,2294,1522
"272",4424,985,1873,631,1081
"273",2730,1148,1600,1074,890
"274",1930,2241,2242,1440,4254
"275",2354,2456,2213,2344,4249
"276",1749,4032,1313,1979,3175
"277",2942,2603,4321,3002,2865
"278",131,3369,2176,2191,3902
"279",2514,2668,3734,2354,769
"280",1633,2167,2424,3057,3058
"281",1464,2131,2282,3744,3818
"282",2568,1312,349,3600,907
"283",189,2927,4092,1471,4004
"284",1581,737,1625,4400,2148
"285",2435,565,4121,1211,4299
"286",1136,3100,300,196,3015
"287",2986,2835,2957,3384,3489
"288",140,2713,826,2359,77
"289",3109,3807,4132,1145,2631
"290",1392,3080,1895,2481,2092
"291",1811,2770,294,1183,4310
"292",2458,1437,977,4415,2483
"293",3250,3391,1798,630,1621
"294",3575,2132,4167,2511,2888
"295",4170,3872,958,1413,4501
"296",6,1009,3068,717,1248
"297",740,3803,3906,2047,3225
"298",2475,1021,1299,3257,3577
"299",4123,2434,3479,4184,2322
"300",1176,1554,4456,2186,3211
"301",3559,2781,2942,2561,1836
"302",2460,1407,2885,3281,3630
"303",2154,2912,558,789,389
"304",2345,3979,3858,3588,1087
"305",2894,1404,4269,131,3485
"306",402,3300,2611,329,2539
"307",581,2148,4351,703,664
"308",2523,3681,20,3173,3005
"309",4261,4299,2118,2106,1569
"310",2719,2524,3464,690,3711
"311",2935,2063,2593,3109,128
"312",3589,2544,1556,3522,3991
"313",1017,3729,884,1946,152
"314",3380,4036,2105,157,2292
"315",3782,4318,1993,1738,2549
"316",1582,3468,404,4203,3740
"317",2767,1672,1361,2665,4281
"318",2696,3526,2809,3252,835
"319",2663,1448,94,1571,3238
"320",3922,1246,2281,595,623
"321",80,3718,2469,2757,2534
"322",260,2775,2245,3650,991
"323",3267,4208,655,3380,1839
"324",1586,1176,4331,2522,1951
"325",1076,4384,1079,873,4425
"326",3960,116,4315,218,2928
"327",4490,4360,3340,1887,4413
"328",3805,3531,1978,2504,2873
"329",2496,1265,1596,1372,1609
"330",519,752,152,3834,1255
"331",876,386,2351,2625,927
"332",2531,3009,4483,1053,3551
"333",282,2149,3648,3347,4002
"334",3259,1809,2159,1411,1724
"335",3569,4283,23,1950,3011
"336",812,2564,4096,1400,350
"337",3891,597,3223,1777,103
"338",4203,1318,916,3412,1318
"339",692,4375,3046,744,518
"340",2537,3417,2511,2754,3026
"341",2047,2802,111,681,2152
"342",2803,1518,1223,2919,309
"343",2860,2560,2631,4332,3378
"344",4061,2664,3736,1884,3750
"345",2728,196,756,3415,3090
"346",2012,1190,2906,3811,426
"347",2203,2682,1224,171,3409
"348",1332,3224,2323,1819,4402
"349",1001,4305,3452,1164,351
"350",1005,1108,112,1536,615
"351",1929,536,1968,3251,123
"352",3162,522,2186,2783,4027
"353",804,400,2377,4028,180
"354",2392,2443,4146,832,1879
"355",1273,3419,541,3655,2130
"356",3134,616,2379,1543,2954
"357",4145,2449,29,1649,1843
"358",1094,3095,4343,339,2329
"359",4037,2565,28,3490,571
"360",3506,1447,603,3153,2972
"361",527,3948,3877,2489,513
"362",3507,1163,377,1252,2751
"363",854,1877,4290,973,2636
"364",2244,1013,4488,2136,2036
"365",3756,2269,1466,835,841
"366",2299,2039,3922,2526,4214
"367",3911,3881,4498,3387,1348
"368",1109,1050,4298,3529,4298
"369",3451,1440,1877,1474,11
"370",2784,1581,2008,1816,3349
"371",1569,1200,207,3577,1732
"372",184,393,2987,1129,563
"373",2651,1613,689,350,2664
"374",2294,4107,2215,2201,541
"375",1822,44,178,2915,2
"376",1635,2056,605,1322,4239
"377",2600,2112,2303,2772,45
"378",3592,1784,1327,4272,969
"379",2122,1821,3777,4414,4116
"380",2905,1753,2125,2227,4086
"381",3356,2538,2178,4054,895
"382",1534,1368,1256,4292,1681
"383",4056,845,815,2384,4491
"384",2629,1165,4215,242,4146
"385",3818,4363,1227,4427,597
"386",361,225,1888,2090,1395
"387",1759,3472,4085,2711,2298
"388",3775,2161,2101,4121,2952
"389",1616,3350,1082,3612,701
"390",3237,1032,2815,1168,2510
"391",3400,1167,680,1066,262
"392",4457,4127,3119,1585,1166
"393",3975,2658,410,2358,2080
"394",2751,385,464,4298,147
"395",247,66,2107,2688,3128
"396",4444,1037,1598,2034,3377
"397",433,4213,397,786,4224
"398",1732,3363,435,2910,1921
"399",2748,2021,3476,2851,2046
"400",593,2617,702,3986,2059
"401",2650,2135,3833,3769,674
"402",4259,2061,1979,2204,3481
"403",3631,2809,3217,4132,330
"404",2227,4033,1408,1391,3960
"405",1577,746,3120,290,1884
"406",3397,3700,3960,1687,2340
"407",2896,3143,956,281,812
"408",4465,298,4445,3924,543
"409",1034,3520,4022,4219,2078
"410",1508,3769,4310,4254,698
"411",3928,123,769,1155,1651
"412",944,34,1593,3313,3314
"413",3458,447,4259,2960,4108
"414",4068,3240,1501,1448,3871
"415",669,3944,3173,2166,341
"416",1928,2358,4452,944,3429
"417",3873,347,1634,372,1439
"418",1642,1781,407,3546,1694
"419",1251,3499,2975,3176,2288
"420",3286,963,1391,724,4031
"421",3470,3789,3048,2337,4415
"422",4442,16,1300,3288,1784
"423",2948,2593,1930,1417,2961
"424",2074,61,4405,438,1009
"425",4055,674,4466,1754,2766
"426",917,2517,4082,3793,1833
"427",4443,962,1589,2134,796
"428",1644,2919,882,1212,362
"429",2032,4288,3517,1037,1690
"430",2930,3283,1286,1563,1409
"431",2005,3000,1128,2415,1629
"432",2423,2854,2336,3329,808
"433",1311,4215,1307,1301,3886
"434",3742,352,1322,2466,4024
"435",2279,3717,2702,838,2993
"436",3676,2612,59,1772,4211
"437",3407,698,1570,2285,2276
"438",712,2556,1297,1771,1195
"439",221,4493,1813,3099,438
"440",3090,1849,1040,2593,2810
"441",2646,3728,3499,237,3391
"442",4318,176,3301,3440,1161
"443",388,33,177,3701,2127
"444",1073,4426,1116,3997,4143
"445",2027,1622,1420,3083,3351
"446",1645,3695,2817,599,125
"447",3500,45,4502,4284,4194
"448",1555,3918,462,2148,2446
"449",4377,4122,2181,4337,1956
"450",3696,3491,1980,21,2353
"451",61,2416,3185,1755,1687
"452",1775,1742,1323,2367,413
"453",4044,2865,4410,1381,1547
"454",824,3744,2477,2551,2432
"455",1552,3292,3758,1414,2253
"456",3868,3011,894,3944,3869
"457",1329,2578,684,3447,3888
"458",3638,553,4267,3004,4397
"459",4419,4414,504,848,162
"460",162,2200,3975,134,3413
"461",618,3630,1668,3119,234
"462",4440,3571,3805,1588,2612
"463",2355,1921,3970,3046,1308
"464",2525,3234,316,1223,3866
"465",543,2457,2971,2052,3420
"466",3514,3636,1099,4460,415
"467",2535,1701,3368,1082,4168
"468",1009,3785,259,3886,2232
"469",1294,719,4055,2957,569
"470",2654,3707,687,3789,4011
"471",1369,1457,3854,2280,1624
"472",4160,4070,4181,1920,3063
"473",1214,4113,1464,62,1378
"474",2938,240,1958,2717,2656
"475",3621,3178,4246,163,3487
"476",4368,869,3730,652,1264
"477",4252,540,3302,1999,4017
"478",3634,2137,755,3778,4342
"479",869,1369,1165,89,1849
"480",3593,669,185,764,4062
"481",1126,345,3070,3702,2363
"482",3477,2249,1666,567,3729
"483",2095,3828,2555,1537,2550
"484",3720,723,3919,4233,734
"485",3220,1298,625,47,374
"486",3440,2030,4365,3395,2430
"487",1031,375,3091,840,4322
"488",3444,4179,1097,1592,3159
"489",2322,1365,1811,2746,2461
"490",3619,3697,2341,1892,1385
"491",672,91,1203,1988,4162
"492",4275,1782,2735,4333,4145
"493",1638,720,2935,3911,199
"494",1953,3742,1966,3518,3745
"495",839,2325,1702,226,4282
"496",2976,2862,745,3596,398
"497",3108,1677,628,2242,1771
"498",3602,3437,1795,2057,794
"499",509,467,3066,3662,3192
"500",104,1048,4252,1436,2233
"501",1844,3432,3676,949,2641
"502",2845,46,4244,2397,2351
"503",109,1542,3054,261,1915
"504",668,2899,2285,2773,428
"505",493,2118,476,476,876
"506",3058,953,2626,2932,1017
"507",364,2105,1553,3992,3318
"508",2264,1112,1041,2064,4444
"509",4143,3721,2633,369,2900
"510",266,3476,1117,3425,2564
"511",643,682,4234,1483,4260
"512",587,2175,1162,1862,1989
"513",3370,2081,1196,1606,529
"514",3667,2264,896,3359,3118
"515",59,3237,1450,736,2507
"516",3184,1709,1206,1006,944
"517",921,4199,4353,4252,1648
"518",701,338,574,2163,1016
"519",1407,1939,1021,4301,2908
"520",512,1925,3640,85,828
"521",1542,4170,2757,2356,2291
"522",2515,4355,1049,4439,4350
"523",101,2398,4273,4077,2154
"524",1878,4081,800,3547,1903
"525",3226,1133,1028,3254,3423
"526",36,3164,2686,3213,2816
"527",494,2535,2726,4171,3272
"528",3166,3150,496,1136,3727
"529",2315,1915,3578,3113,48
"530",3511,1861,2877,2953,3484
"531",1011,1887,4070,4076,61
"532",2297,860,129,443,4378
"533",2826,2543,690,4094,655
"534",545,3060,776,3227,2437
"535",4356,4023,4457,2660,495
"536",267,734,1905,1387,772
"537",2295,2169,1851,3003,1588
"538",2899,2650,967,4225,846
"539",525,4272,1595,1454,3820
"540",4229,3524,632,244,1023
"541",4007,4440,2023,466,1793
"542",610,2093,2385,4151,1363
"543",1300,1260,501,1796,4076
"544",1601,3043,1582,2097,1237
"545",1725,1840,2116,3648,911
"546",1588,1062,1592,2597,725
"547",2090,3434,1972,1843,1556
"548",4054,925,3467,1648,76
"549",2094,2262,4371,2882,2173
"550",2060,128,4089,1394,3771
"551",4479,3818,2087,4114,2920
"552",3914,177,2019,1283,1478
"553",4227,2435,737,1482,3213
"554",2434,1051,998,869,3081
"555",1061,1627,4251,2210,1850
"556",4365,1732,753,243,924
"557",1164,4372,3107,2040,3254
"558",1350,859,148,4071,1886
"559",1968,2111,1039,2574,2076
"560",731,3642,1474,4485,1487
"561",39,4460,3978,504,2348
"562",3840,2136,3782,254,297
"563",1089,1500,1646,1683,575
"564",3433,1505,4408,2558,592
"565",691,1878,4496,699,4036
"566",3040,1833,10,3583,567
"567",301,3415,3890,4061,179
"568",521,272,1755,3444,3912
"569",4330,93,3288,325,151
"570",3551,1422,3477,2044,1655
"571",1002,2055,653,493,2563
"572",4221,2413,1351,1424,1976
"573",4429,2916,2452,6,1626
"574",2873,4319,3149,3593,779
"575",2129,1091,3037,2360,2630
"576",2321,2689,3381,1612,3634
"577",626,1959,4143,2681,1053
"578",2393,6,1359,3260,2262
"579",3949,1616,2819,4396,1064
"580",1609,2939,727,774,1860
"581",2834,147,3261,4168,3823
"582",1994,1026,186,862,228
"583",3925,68,4400,164,408
"584",1459,1493,1776,1446,639
"585",786,3360,1998,540,1748
"586",1496,2744,4428,4256,2629
"587",496,1306,1453,2374,3102
"588",2271,1562,2361,3999,3350
"589",3872,3691,639,676,2118
"590",4188,1073,1065,99,912
"591",781,4397,3141,3488,1659
"592",1858,1383,4119,177,3685
"593",1467,1053,155,3143,443
"594",3204,3770,472,2848,1004
"595",1209,3413,3865,3935,3698
"596",4458,4,1894,2023,3612
"597",863,3161,880,1112,4332
"598",1734,3706,596,2074,257
"599",307,2828,1189,897,4509
"600",1897,4119,3489,239,2723
"601",1066,2336,945,4200,3074
"602",930,3151,2945,1795,654
"603",3743,1872,1659,88,94
"604",2543,1656,1676,3276,2214
"605",214,3660,778,2279,3446
"606",1675,415,786,1487,2698
"607",2870,1085,2949,2049,3766
"608",321,214,829,2704,171
"609",3060,4499,979,3980,2992
"610",4225,2374,3536,95,3209
"611",2202,1315,1917,3700,59
"612",3697,4024,540,3696,2506
"613",1310,2552,1449,91,2239
"614",20,1582,75,3089,1092
"615",3409,948,4455,1685,2241
"616",415,2502,423,1080,1027
"617",1763,3875,4433,2857,962
"618",2498,3349,2238,3576,3967
"619",2269,4466,2356,773,1875
"620",3837,309,4056,2287,2606
"621",3024,613,19,584,1075
"622",638,2285,4110,3828,1456
"623",3588,782,3746,183,372
"624",1432,1662,714,957,1641
"625",3981,2750,2690,406,3079
"626",3670,3421,633,3060,3906
"627",657,2026,3097,2774,2223
"628",111,3552,2520,2584,3451
"629",2491,2723,124,4306,2216
"630",2812,2792,3691,1877,1546
"631",1380,171,2559,2347,3286
"632",3899,2733,2964,1758,1380
"633",1535,2800,1330,3407,2257
"634",2308,2465,2146,2058,4323
"635",909,1561,1343,3504,2994
"636",4250,1652,2684,2663,1325
"637",4441,1682,1252,2920,4432
"638",640,2101,3508,501,3599
"639",3548,3848,3913,3411,691
"640",4488,3800,2984,259,2101
"641",2529,2953,4128,1490,4156
"642",2138,3619,2334,264,71
"643",4249,4269,1792,714,2957
"644",3315,3661,1699,4139,91
"645",2954,1106,563,4011,4188
"646",961,2868,3296,1349,121
"647",29,2474,3344,1345,4312
"648",954,1056,1753,525,1093
"649",2130,2873,2310,4392,1787
"650",2690,4029,2092,1327,4050
"651",3238,2147,646,3877,2772
"652",2485,3094,441,4424,404
"653",1513,3450,630,4264,1112
"654",2353,154,660,4419,1444
"655",953,842,2590,1255,2376
"656",1917,3288,907,3232,3642
"657",208,1199,1973,3120,1275
"658",3089,189,2884,802,3154
"659",2000,2348,2613,452,952
"660",4231,2599,3502,836,3801
"661",3325,2850,1555,1957,1577
"662",1652,1789,3569,1838,2799
"663",2652,942,890,2143,1855
"664",2885,944,4416,847,1346
"665",3654,912,1533,3162,1557
"666",3674,1463,1754,1521,3056
"667",1818,764,3146,2607,4440
"668",1611,4225,2695,4314,4185
"669",218,821,3294,3087,3164
"670",2490,3540,3739,1699,2488
"671",22,2141,1552,880,984
"672",2377,1084,4131,2157,1351
"673",661,853,67,511,3840
"674",3079,2231,3400,2178,3828
"675",3487,3126,4337,2141,294
"676",1612,4388,3094,93,1736
"677",3268,210,2432,2050,2355
"678",339,1636,770,1560,1706
"679",1165,655,4374,1102,3838
"680",74,3174,4373,1276,2693
"681",3353,416,2244,1522,1722
"682",2533,4383,973,1095,244
"683",1740,1632,4155,1751,1135
"684",1425,372,3041,232,939
"685",3545,3851,1880,491,1039
"686",3936,1430,2728,3158,2979
"687",3846,135,644,963,1305
"688",2705,1980,2043,118,1326
"689",835,2407,136,3761,3475
"690",3145,2527,617,4385,363
"691",1975,2706,3188,251,3641
"692",2459,4431,2970,3716,420
"693",3858,364,2135,3364,3095
"694",3605,145,516,3092,3760
"695",3459,1340,4059,272,1813
"696",4369,2212,1428,4327,4082
"697",2846,2333,4415,2379,937
"698",815,667,241,2592,3596
"699",177,637,4285,1120,3146
"700",3534,4098,1927,3038,1452
"701",3855,2522,3253,3909,1365
"702",3422,3074,4504,505,4238
"703",3333,1417,361,124,733
"704",1095,623,3127,2908,1811
"705",3446,373,4135,3923,4190
"706",278,235,2013,794,2753
"707",3338,2724,3864,3760,4053
"708",3263,3620,919,4217,4096
"709",4117,414,39,4212,4343
"710",1722,3115,4202,1052,1268
"711",2486,534,3594,58,207
"712",2955,3583,2163,457,1343
"713",1060,955,2164,484,99
"714",173,495,4211,2978,552
"715",2069,4056,4327,3142,175
"716",860,2585,439,756,4409
"717",814,2292,359,3584,883
"718",1180,3155,2028,2648,823
"719",265,928,3432,318,1077
"720",3056,2284,4475,4508,564
"721",4015,1823,231,1336,993
"722",1050,3853,3423,918,3477
"723",222,3154,2835,3543,875
"724",408,4368,91,1013,1964
"725",1865,1758,2662,389,4358
"726",3068,355,3810,1852,1149
"727",3541,58,2828,2291,1211
"728",2283,3010,1745,777,766
"729",1618,4373,1471,2617,3427
"730",4260,2037,4477,933,1156
"731",1448,152,879,3820,1802
"732",1921,4241,1374,4207,346
"733",1823,3244,4129,1715,4245
"734",947,1057,2994,2829,1068
"735",609,527,2018,2684,1798
"736",705,2219,2495,3224,235
"737",4134,329,2301,1376,1837
"738",3270,3751,913,1963,2576
"739",2901,1871,3103,3957,1481
"740",4102,1170,3135,2310,1414
"741",3618,3776,2131,1753,3127
"742",35,2287,3311,4229,46
"743",3839,3052,3938,2701,2545
"744",1435,1127,2846,3725,943
"745",998,1223,2697,499,3218
"746",2831,762,345,956,198
"747",3620,1256,1683,4013,1111
"748",4154,4164,918,1562,3263
"749",2605,2548,1913,3178,1169
"750",1371,368,4151,4195,868
"751",159,3444,4026,3519,2273
"752",233,3557,4087,317,3306
"753",990,4218,3101,4035,3277
"754",3360,1584,154,1172,2406
"755",1018,1661,2494,3561,240
"756",2252,4057,2445,1220,3329
"757",3766,834,3837,4376,4441
"758",322,3467,827,1869,3383
"759",1237,1388,3647,3495,4271
"760",4196,1893,1881,3400,353
"761",1911,4451,4366,557,1778
"762",733,2127,722,3217,442
"763",2758,2470,2929,477,1382
"764",3274,3242,306,4403,1698
"765",4063,3494,2540,3885,4487
"766",588,110,4346,2164,3259
"767",3269,4495,1854,2237,25
"768",2174,52,1583,1,2005
"769",4020,4509,3316,3489,2964
"770",3718,1323,1706,1628,2999
"771",1478,394,4154,423,2289
"772",3347,4296,2532,3032,3873
"773",1821,1852,2222,4356,2589
"774",1869,523,2252,3182,211
"775",636,4174,1142,4444,338
"776",1199,4196,3857,514,3980
"777",3513,1296,328,198,3877
"778",4149,4275,2307,1280,2706
"779",528,2373,395,4258,4052
"780",4176,3276,4436,720,114
"781",462,232,452,2520,4462
"782",3765,4503,2054,3211,2401
"783",205,496,3558,3722,3739
"784",802,3599,1235,3439,953
"785",3871,4079,4020,1865,1240
"786",2239,3031,3697,3062,4283
"787",3754,180,968,2536,788
"788",290,684,2561,3635,2921
"789",3210,1309,1077,887,2134
"790",1956,1186,3867,1061,72
"791",1739,89,3057,4429,2300
"792",3544,2469,991,908,4087
"793",842,1835,1860,377,4215
"794",4447,4132,623,3405,3548
"795",2367,2247,1218,285,100
"796",3810,485,1161,4198,1975
"797",2606,1363,190,4352,2712
"798",4373,413,4411,2022,4112
"799",3853,143,4358,3166,909
"800",441,889,1587,2961,4083
"801",2865,4130,4003,4503,2793
"802",3517,1522,553,4347,689
"803",950,2945,2641,4315,1545
"804",3177,3,705,4505,1279
"805",2183,2705,2623,4371,4436
"806",1207,538,3749,1871,3401
"807",2224,2176,4027,2623,3101
"808",4491,2440,3362,2792,2785
"809",4324,2197,2823,693,3835
"810",65,2834,2571,622,4351
"811",1631,796,2683,1827,3558
"812",2023,267,3455,3753,4468
"813",2527,57,1680,1166,1171
"814",3519,1488,2656,2132,2709
"815",2374,544,766,4116,3817
"816",3232,193,2442,1769,3365
"817",3281,974,1785,3711,1451
"818",3976,1458,710,433,1058
"819",3820,2645,791,3385,1496
"820",1455,1248,145,3220,3945
"821",4224,635,2858,1889,1059
"822",4093,3997,2898,1026,2752
"823",439,3194,3214,968,3948
"824",185,28,2581,4479,2687
"825",2499,3304,2818,3678,1591
"826",1405,2439,1662,2712,3653
"827",2506,3297,1093,3961,2371
"828",4433,1658,1858,4299,1668
"829",2146,908,4307,2340,2045
"830",2020,2686,2890,2236,2497
"831",2236,4361,4359,2519,2123
"832",1265,4047,3298,571,4273
"833",1461,3129,3450,4042,892
"834",1037,1102,3076,96,3812
"835",3843,2970,637,4357,2100
"836",139,4166,4406,4422,3067
"837",1605,2958,312,2338,1790
"838",819,961,3492,2320,4356
"839",352,4072,1494,4488,2096
"840",2481,2876,4178,2636,213
"841",4024,3471,1014,4343,3762
"842",2967,1805,3624,785,2932
"843",2306,241,1948,2449,263
"844",634,3716,2600,1591,2623
"845",4390,4123,3878,1489,750
"846",3750,2356,4108,758,3575
"847",3813,1750,1924,3063,2362
"848",2109,1612,119,640,313
"849",3828,1376,881,3830,1008
"850",1802,2008,4140,500,4294
"851",4461,3379,4030,3171,270
"852",3902,2178,278,30,2047
"853",1904,3761,3717,4316,3544
"854",237,871,313,4379,1743
"855",1932,181,366,907,331
"856",2080,3321,1632,801,4113
"857",1575,3925,3196,1517,2271
"858",2746,3170,4480,1505,2484
"859",1813,852,1602,617,1658
"860",888,2904,2839,4236,3545
"861",2608,510,2217,3767,4178
"862",1363,1890,1242,2391,1904
"863",937,32,3202,1775,4458
"864",3044,568,4417,2111,2538
"865",3016,2193,331,3261,3303
"866",336,95,1826,4102,2086
"867",2649,2486,1278,2638,870
"868",4388,3179,3145,3082,4469
"869",1047,3253,2802,1163,589
"870",934,788,3436,135,2181
"871",848,3345,3503,4003,1157
"872",1934,4459,2878,3055,4042
"873",1463,2208,1663,2696,1095
"874",3749,3752,2021,803,3853
"875",3234,349,2073,3758,455
"876",1360,2104,2676,3306,3954
"877",1427,582,456,804,4400
"878",2756,4267,3768,1186,629
"879",3154,3301,2378,2793,4115
"880",2712,292,77,1552,3845
"881",2065,1807,2440,3106,1170
"882",2857,3406,3274,1444,1375
"883",2897,1673,1225,296,1581
"884",4043,3063,1886,2232,1356
"885",1359,2029,1609,3370,2756
"886",3048,718,3281,451,1576
"887",3252,4044,2811,1229,2251
"888",531,4285,2679,2954,785
"889",4090,3688,966,989,4355
"890",3351,3764,4430,3882,272
"891",10,3736,3668,335,1973
"892",831,469,2386,1727,4364
"893",3117,14,26,1977,3384
"894",3316,4439,414,256,252
"895",4208,918,3374,4020,1965
"896",4151,3829,1918,503,4261
"897",1365,470,3090,133,231
"898",47,2010,2325,797,478
"899",3934,2956,3761,2286,3894
"900",56,476,841,1992,421
"901",2396,3801,2081,1781,2588
"902",873,4477,2968,2965,4446
"903",4393,3062,2912,2246,4131
"904",1745,3808,4418,1858,4015
"905",3225,3231,1872,382,1520
"906",3733,3527,449,2389,2919
"907",1825,968,1617,2545,137
"908",3183,3232,1999,4179,4280
"909",1906,3235,3705,516,3672
"910",2403,4311,4187,2538,1442
"911",793,1960,4396,188,1718
"912",3860,4096,3609,1602,3372
"913",1343,3486,1369,1230,344
"914",4473,4354,1346,4140,3075
"915",1215,3338,4093,108,366
"916",1860,2480,262,2839,2421
"917",2106,2180,571,2581,4201
"918",537,4188,3911,1835,2316
"919",913,4165,4038,767,251
"920",70,26,1603,4411,1728
"921",3476,444,3586,1447,3440
"922",2338,1696,1876,4443,603
"923",3013,2229,1542,3102,4232
"924",43,492,928,2864,1215
"925",836,2938,1523,2849,3870
"926",4282,661,1050,193,3631
"927",3699,707,3140,3690,3389
"928",3543,4102,556,292,1352
"929",3113,2561,1141,1666,383
"930",454,1068,3574,3193,2315
"931",3175,3042,793,3687,4276
"932",4169,824,483,2899,131
"933",1327,3894,1560,723,568
"934",619,441,1763,3074,3953
"935",1041,4030,353,3861,1495
"936",1124,972,149,3826,2988
"937",3721,3912,1444,3468,2019
"938",124,3440,3715,2328,3587
"939",2104,1579,2430,2825,4208
"940",38,2323,1532,3634,4370
"941",542,2811,2317,659,8
"942",3311,1971,1016,3630,1032
"943",1354,4465,3246,3367,3759
"944",2814,1242,3757,106,1432
"945",1087,2763,201,2970,1493
"946",122,1304,2653,1354,3144
"947",920,3606,1011,939,161
"948",1871,78,2274,1623,2513
"949",2437,3212,2355,3419,3053
"950",3165,4386,3218,1814,3188
"951",1500,2107,1442,235,2044
"952",2965,1712,2094,4464,3586
"953",3729,25,1185,729,1667
"954",1948,1239,1628,2188,3516
"955",2212,4470,3706,798,2635
"956",1801,2179,5,3891,418
"957",2274,435,200,4034,2025
"958",532,3890,3084,664,370
"959",2911,2134,1101,2786,1735
"960",710,2024,3210,1295,3851
"961",2532,779,523,1651,3683
"962",3063,3845,388,1690,3098
"963",3118,1630,1333,2818,1301
"964",4342,3483,3698,1050,2851
"965",999,2190,1086,1478,2798
"966",4298,1620,4421,3829,858
"967",2991,3821,1735,407,1114
"968",2581,2528,1410,2640,3080
"969",1670,9,2007,3283,166
"970",3282,1600,1249,3787,578
"971",268,3192,3880,485,1123
"972",3812,265,2485,328,291
"973",1757,748,2856,1739,4077
"974",2830,3177,2900,27,3364
"975",1514,3124,3925,2455,577
"976",3836,2973,378,991,2941
"977",508,3282,1722,3779,1647
"978",1803,234,3729,4367,2151
"979",3174,1088,2720,2687,4233
"980",3681,2742,3943,4393,1794
"981",3124,3956,547,1067,3971
"982",675,4112,888,3723,4374
"983",2538,1089,3572,2862,1497
"984",401,3418,3620,2838,1142
"985",1462,4452,4242,3818,447
"986",1781,3089,2787,1643,3321
"987",859,4331,3504,942,4272
"988",1484,2532,2777,2916,3652
"989",608,1800,3681,270,1224
"990",3693,3120,3191,1944,1407
"991",2335,3992,3269,1912,4153
"992",9,2582,3259,3898,1960
"993",3838,2926,2098,635,458
"994",428,2005,3339,3883,1304
"995",4106,3004,1781,1943,579
"996",780,2769,2627,3441,4228
"997",1434,1836,1317,523,889
"998",4167,2165,823,900,1592
"999",168,1546,4261,2931,2489
"1000",1055,3251,1335,3070,534
"1001",161,2364,840,227,1360
"1002",1122,357,3133,4162,1246
"1003",1942,2696,3627,165,104
"1004",2268,3147,1490,69,528
"1005",2054,1765,1135,1153,1730
"1006",2866,2376,4052,172,2758
"1007",3187,3256,3610,581,1845
"1008",1752,3743,502,74,2422
"1009",3120,649,43,2467,4217
"1010",4399,2918,1445,1364,1701
"1011",3448,2545,3319,1205,4390
"1012",2947,1704,3427,1867,400
"1013",437,2344,432,3084,2105
"1014",4064,4034,2481,279,671
"1015",1754,4314,203,1366,3111
"1016",459,1207,2496,1533,1742
"1017",451,86,3199,1504,2736
"1018",4228,1788,3727,4449,931
"1019",3965,3843,3336,624,62
"1020",2916,3398,806,4175,2405
"1021",2014,877,2985,2705,3523
"1022",3701,2818,3197,947,2725
"1023",108,2106,3150,734,496
"1024",3265,1700,2260,656,3340
"1025",2586,2351,1104,2046,3003
"1026",2787,564,1704,4247,2346
"1027",4412,260,1682,2209,2283
"1028",1663,4428,1179,3645,958
"1029",4279,4479,3325,3198,423
"1030",4389,973,4434,3848,3830
"1031",1401,1648,244,2140,4139
"1032",575,1197,2813,1392,178
"1033",1515,1202,1178,2368,539
"1034",3958,376,8,1028,3018
"1035",3610,2213,3131,1806,545
"1036",3862,4276,1175,3706,2744
"1037",2630,1338,3110,2650,2846
"1038",1590,2394,3484,1776,190
"1039",2720,1830,3004,3539,2934
"1040",644,3588,1531,1813,2532
"1041",4338,4128,2752,3534,2558
"1042",2956,1528,339,3426,3678
"1043",271,4507,387,1401,659
"1044",2156,2065,2104,3350,4058
"1045",2276,4337,356,3103,2499
"1046",2454,1454,2457,1178,102
"1047",1494,4381,1940,2656,2246
"1048",31,418,3394,1084,708
"1049",2185,1245,2911,2892,4394
"1050",89,3121,4479,352,1877
"1051",2468,2855,2221,2101,1519
"1052",351,3446,1248,704,901
"1053",4314,1766,325,1480,869
"1054",1203,1719,3980,1854,4014
"1055",2635,1686,3286,1984,2146
"1056",2323,3603,3584,3230,73
"1057",2669,2206,3429,2742,3783
"1058",1909,1898,4495,1368,2057
"1059",2260,3563,1819,541,465
"1060",2693,1635,2995,2027,3287
"1061",1277,2377,1353,4462,4453
"1062",2238,1535,195,225,3959
"1063",3392,3693,3887,3958,1573
"1064",11,1954,3983,2363,4006
"1065",1991,4342,2507,1830,2978
"1066",2518,4140,2109,1234,254
"1067",4326,4060,2864,341,1820
"1068",2736,2989,2382,3879,3666
"1069",3306,2049,2852,2171,3181
"1070",1943,4158,2177,3614,1723
"1071",1787,2334,296,186,872
"1072",4357,3910,4250,1264,42
"1073",1573,3501,3982,2659,284
"1074",4171,4488,140,1292,273
"1075",79,4205,3742,2893,3722
"1076",53,2183,1846,808,369
"1077",3626,3946,3295,3960,3071
"1078",3816,2870,3134,1965,191
"1079",3107,3014,3669,1923,1703
"1080",2903,209,1424,1437,985
"1081",3103,361,1994,3278,3921
"1082",2147,574,517,1691,390
"1083",2118,258,1422,4155,4275
"1084",3563,1348,707,168,2802
"1085",1532,2277,3430,3569,3252
"1086",2578,4270,1586,3977,4244
"1087",3574,678,3468,1688,1191
"1088",1257,2090,157,3069,782
"1089",724,395,3129,3971,4412
"1090",1637,3854,326,1152,2378
"1091",2187,2692,2660,2713,4304
"1092",235,3319,2207,1987,129
"1093",3425,2903,35,3115,4103
"1094",2500,3699,1098,3673,3281
"1095",1891,828,60,1829,3770
"1096",2257,3002,1241,3912,614
"1097",1287,71,1370,849,4297
"1098",3190,832,125,2624,4120
"1099",3418,1577,3583,2437,1527
"1100",2995,1770,3822,2602,1866
"1101",3833,1150,381,621,3556
"1102",83,1169,2022,3255,959
"1103",3085,4053,1414,2667,3122
"1104",2556,4204,469,2417,3919
"1105",3141,3985,1150,3581,3201
"1106",1447,1110,1733,985,1692
"1107",3624,3969,2283,1674,4333
"1108",229,3028,4083,4353,979
"1109",1135,1848,4489,295,210
"1110",4112,3333,2570,3164,2587
"1111",46,275,3580,3342,3196
"1112",2684,1058,436,20,308
"1113",969,21,982,2840,3463
"1114",4133,3295,870,4363,1922
"1115",3388,2202,3788,2845,3316
"1116",3027,1664,951,4083,3994
"1117",2645,3438,2410,4288,414
"1118",3768,90,994,4177,4371
"1119",1225,1646,2604,147,1564
"1120",800,1513,108,1970,3831
"1121",3224,2267,363,1583,1415
"1122",3996,2307,3679,707,1247
"1123",4258,2812,3552,4075,2022
"1124",2445,2895,889,3689,1644
"1125",713,3857,170,214,2837
"1126",1849,2452,631,3277,2541
"1127",517,509,3928,778,117
"1128",3493,1623,4243,3219,3773
"1129",1412,1301,922,3736,914
"1130",1451,1759,1188,3591,1221
"1131",554,2933,425,1579,598
"1132",1692,3408,3638,3858,3572
"1133",3240,3759,3927,1297,4367
"1134",1727,839,1841,3250,2259
"1135",3807,2156,1882,1565,82
"1136",4297,2459,1784,3796,3450
"1137",1147,1501,4395,73,777
"1138",3076,2574,2091,3499,349
"1139",151,1105,2205,3169,3458
"1140",2075,1733,2843,3042,1715
"1141",2401,1858,538,594,3571
"1142",280,2902,3998,3943,3360
"1143",326,4191,2344,4465,2689
"1144",3974,4055,4032,2419,2027
"1145",592,3616,2879,1809,279
"1146",2482,2046,272,18,4171
"1147",4280,3263,3582,3423,4165
"1148",2798,2986,2162,3611,1494
"1149",2002,1333,4126,3061,3141
"1150",4370,255,3661,2433,866
"1151",2105,1216,810,1076,2321
"1152",2884,2244,2910,2009,3140
"1153",126,3222,2863,4295,469
"1154",1518,4202,3544,1057,604
"1155",2994,3393,664,3590,4216
"1156",1190,2979,2650,653,2380
"1157",3391,4261,2938,1975,1329
"1158",1443,722,3852,1200,2017
"1159",2304,5,1120,1529,3515
"1160",256,4475,384,1300,3108
"1161",1766,4492,4226,1723,1595
"1162",1952,3598,984,3788,2357
"1163",3105,2856,2137,2508,472
"1164",1690,3456,2822,1933,1162
"1165",2325,785,3505,1906,576
"1166",2228,4159,4134,4124,2479
"1167",2565,4307,1987,502,4179
"1168",2689,2820,4384,5,2621
"1169",2378,129,2979,46,2443
"1170",1899,4103,1271,2807,3282
"1171",2100,2771,2248,274,3725
"1172",1129,2450,1144,4250,1878
"1173",1103,4304,1511,1710,1176
"1174",3102,4338,2071,1125,4074
"1175",3895,1270,1435,4010,2088
"1176",1961,3181,599,373,2905
"1177",902,1829,1739,510,919
"1178",447,546,3389,3552,4200
"1179",2847,749,3807,3695,1902
"1180",3468,354,4057,3185,817
"1181",2261,1791,4035,1177,2969
"1182",291,2286,2506,3937,2286
"1183",3230,2273,2482,2139,1992
"1184",1527,2638,1638,1527,3593
"1185",1436,1802,416,2517,780
"1186",171,2235,2647,1065,1046
"1187",365,1257,2486,2936,4008
"1188",942,2001,1072,3759,3689
"1189",2416,1353,3902,4434,963
"1190",2611,1970,1989,2252,903
"1191",1003,67,1580,1745,4265
"1192",3708,188,3561,1304,3621
"1193",3744,1884,1208,3610,2470
"1194",4459,3226,4153,2680,3040
"1195",3913,4168,2916,589,1168
"1196",1883,1329,260,512,764
"1197",3304,312,1243,2145,1775
"1198",4418,3960,1578,1736,1200
"1199",1530,1064,4326,846,1796
"1200",1314,3602,3905,2306,501
"1201",665,586,1719,974,3215
"1202",4263,3460,1713,1968,4393
"1203",2940,2016,550,2529,1944
"1204",1863,2476,3700,1249,3639
"1205",3707,1828,468,3135,1967
"1206",223,248,2061,3819,3934
"1207",4132,2756,2716,137,4197
"1208",1782,2102,362,1247,2161
"1209",4474,1378,2315,1779,661
"1210",1234,1201,2959,2260,617
"1211",1853,3058,3765,1882,3860
"1212",949,4106,3012,66,3158
"1213",4329,2145,4147,1837,1568
"1214",3196,3308,3896,1282,1302
"1215",1385,2511,2319,2026,1260
"1216",3229,2881,2188,4197,2526
"1217",305,1760,3866,1807,2125
"1218",4040,4150,2940,2219,1280
"1219",17,3403,2501,3326,2037
"1220",2045,4438,1911,94,233
"1221",1832,3390,1721,1221,1764
"1222",3357,3076,545,2709,3795
"1223",3378,1737,4472,2447,2536
"1224",2103,809,2421,1069,980
"1225",1173,1610,4238,2458,3398
"1226",526,2122,2300,4499,658
"1227",3908,3889,2168,3104,2477
"1228",1230,1900,3881,3699,1552
"1229",3246,43,2001,248,3663
"1230",3834,1757,2954,426,3324
"1231",870,4232,2034,3707,1814
"1232",3815,3737,1470,2835,1167
"1233",2213,1093,471,3694,3336
"1234",3017,2866,3201,1302,3243
"1235",1078,2444,1904,3376,800
"1236",2143,2701,2459,2603,4154
"1237",359,2232,212,496,533
"1238",2192,998,4031,3223,4505
"1239",3398,1974,1520,3559,2318
"1240",2917,3538,3646,463,2050
"1241",1624,2629,2620,4062,3933
"1242",4471,1066,2292,4145,2137
"1243",2064,3541,3537,841,3937
"1244",1691,365,2405,2540,1549
"1245",2609,1015,3528,1333,1097
"1246",2542,1061,1496,2736,4090
"1247",4105,1185,4375,1154,1109
"1248",106,2309,1289,1540,2192
"1249",2273,2154,3433,922,1433
"1250",3423,1334,3299,867,2973
"1251",3566,2225,4470,2372,1060
"1252",380,2074,2594,3941,2872
"1253",1138,2700,4465,4271,441
"1254",165,2009,3401,4390,1334
"1255",2579,3806,400,1342,3273
"1256",2636,905,3780,692,2889
"1257",4190,1055,3114,3919,1521
"1258",2667,2751,3112,2193,4032
"1259",3709,4021,1316,1033,990
"1260",117,464,2194,2032,1153
"1261",3061,1641,4124,3849,3345
"1262",1291,3966,1610,3097,4502
"1263",1658,4251,3728,2901,1638
"1264",2307,3167,187,1508,83
"1265",2801,881,1727,1828,2020
"1266",253,3593,3751,853,3210
"1267",4027,4097,2711,4495,1290
"1268",986,1081,3997,1015,1408
"1269",1010,3108,4159,1561,1752
"1270",4237,1286,3413,3124,2871
"1271",2979,2592,2746,3868,1479
"1272",2610,3822,1970,683,3679
"1273",2727,3886,1458,136,682
"1274",2,2652,971,1610,606
"1275",1768,1425,430,874,2794
"1276",1715,2581,2834,2646,1102
"1277",1366,3492,2981,2611,845
"1278",264,615,1037,3323,3700
"1279",196,87,486,3675,1792
"1280",871,1703,2741,3734,2824
"1281",3030,2914,1933,2278,2358
"1282",472,3184,1906,607,2124
"1283",373,2417,347,1457,1322
"1284",3755,436,1892,253,113
"1285",2983,1052,2617,2905,3415
"1286",179,4005,1012,3234,4466
"1287",3731,4298,4086,3226,3734
"1288",1268,1235,939,1039,1795
"1289",1895,3972,3931,2088,3981
"1290",96,978,4213,121,1041
"1291",1888,2712,4309,1032,1336
"1292",2723,4476,3791,684,2492
"1293",273,1895,3635,1094,3228
"1294",2135,1684,3137,3920,466
"1295",1995,1665,1187,3945,3821
"1296",659,1395,3666,424,1997
"1297",3178,2043,1497,2155,1717
"1298",4021,2985,2565,439,1184
"1299",3646,431,2143,410,989
"1300",3486,1780,2597,3592,4046
"1301",2040,2519,3992,1081,1862
"1302",2359,2757,4068,3075,3206
"1303",2221,1511,87,1459,4167
"1304",251,2290,3020,1402,3247
"1305",1445,4280,3832,591,1525
"1306",107,2383,1852,1073,2454
"1307",52,2152,1827,966,4020
"1308",2175,2611,1866,2590,1086
"1309",58,2942,657,3492,1523
"1310",3951,2749,3449,2342,4203
"1311",3223,2626,1413,2195,609
"1312",1081,4265,1591,159,2360
"1313",2365,2917,275,280,2911
"1314",2474,206,3285,1040,4496
"1315",4095,932,3843,1385,1789
"1316",1723,2791,448,1870,3132
"1317",1423,369,2093,3065,1423
"1318",1107,3038,4021,1119,672
"1319",674,505,609,1947,2986
"1320",2729,2243,2128,2457,2166
"1321",1465,4369,661,284,3087
"1322",1141,2911,3719,1983,1768
"1323",4360,1556,2069,4482,2290
"1324",2417,4092,3795,3996,3471
"1325",1862,4099,354,1782,3396
"1326",3904,3996,524,3118,2377
"1327",3863,488,3147,1815,2456
"1328",1128,1345,774,3599,3617
"1329",341,1398,2586,3670,2943
"1330",3474,636,1048,3041,3782
"1331",3150,2767,1567,84,1650
"1332",1088,18,1730,4255,4202
"1333",2908,2331,2290,3915,1353
"1334",514,4167,671,4127,4172
"1335",541,4491,2840,3843,4073
"1336",1867,1263,833,215,3534
"1337",461,578,3568,1566,3530
"1338",2589,573,3016,2288,692
"1339",706,98,1213,2599,1782
"1340",908,2096,4069,11,93
"1341",153,2719,1902,3101,3232
"1342",732,2949,3979,4049,2688
"1343",4359,3397,834,413,4421
"1344",94,1486,1562,4056,2562
"1345",687,227,2435,3200,13
"1346",816,3228,1147,2562,3878
"1347",3751,3065,3748,4473,127
"1348",3213,1909,3901,943,499
"1349",1608,4366,1661,698,1426
"1350",3792,1702,818,1928,461
"1351",187,2858,2041,562,1806
"1352",298,3768,3047,2619,3626
"1353",2426,160,2208,1998,3900
"1354",2550,3518,3781,4030,1504
"1355",2852,1278,165,3746,2618
"1356",4009,610,2986,2150,4348
"1357",708,1934,202,2950,975
"1358",3757,4002,4075,2985,2053
"1359",2511,140,3096,2197,638
"1360",1409,3029,3859,955,4408
"1361",1700,4259,298,3469,3978
"1362",1309,4037,153,930,3946
"1363",3630,713,130,4072,160
"1364",959,4350,2990,3825,3755
"1365",576,1718,3334,2182,1285
"1366",2988,3128,2055,3408,1830
"1367",3480,2497,3032,416,4045
"1368",1334,4007,845,489,2442
"1369",662,4490,4468,2456,1526
"1370",1029,1621,2276,3535,555
"1371",119,1559,4487,834,2700
"1372",3160,402,578,894,3999
"1373",1984,3041,4388,4180,481
"1374",4431,2821,71,38,878
"1375",4230,49,934,4093,3248
"1376",1537,2748,562,1530,2132
"1377",1406,2988,2622,1569,3109
"1378",2768,4399,3806,1706,50
"1379",1885,3506,2415,4138,3742
"1380",1306,3238,64,142,1560
"1381",702,2516,3769,1696,1418
"1382",1259,4335,1768,2067,2580
"1383",766,179,3017,1087,227
"1384",1474,3175,3262,2566,1457
"1385",2388,3962,871,356,1389
"1386",3321,3490,3102,4105,2301
"1387",2909,1357,1822,3802,1273
"1388",935,1250,1233,1373,1045
"1389",4240,689,1584,4058,2586
"1390",3082,3081,2696,449,3749
"1391",3096,2421,2527,3516,650
"1392",481,1491,4263,2257,2879
"1393",2229,4353,2652,4045,2755
"1394",3900,3252,2742,4115,2264
"1395",3454,917,2603,1198,3896
"1396",3635,2965,3651,1817,1499
"1397",2797,1474,3539,4366,4448
"1398",147,4031,4232,353,936
"1399",3527,3780,3018,2800,3923
"1400",3573,2501,1460,3578,3410
"1401",1982,4371,3211,2362,2648
"1402",2029,1825,3080,1195,940
"1403",1239,3677,1184,2004,1614
"1404",3980,873,2737,7,3561
"1405",3211,2588,4152,1497,1473
"1406",1856,653,118,2548,4132
"1407",4321,2174,4459,2473,3488
"1408",4434,3442,2065,4015,1832
"1409",2479,516,1797,3018,2164
"1410",711,4407,159,2963,3454
"1411",1779,2048,1764,3296,1234
"1412",4114,1779,3100,49,2894
"1413",3457,281,3506,15,2448
"1414",1105,479,1240,4196,3509
"1415",2448,4340,3617,1929,322
"1416",1667,3364,21,4335,1896
"1417",4323,484,601,4022,3526
"1418",3170,1060,3690,1104,3216
"1419",3885,2734,3969,3907,1001
"1420",3690,812,2142,3172,1397
"1421",939,754,120,3167,2913
"1422",3533,2937,4348,2176,1376
"1423",4014,4190,744,1386,834
"1424",2132,3371,767,675,4071
"1425",1630,1374,4104,810,2652
"1426",1063,1526,1026,1788,3422
"1427",1295,2366,2475,2217,642
"1428",4482,1865,405,1418,2882
"1429",2384,2698,1505,2730,3479
"1430",2340,2266,1258,3865,2254
"1431",2672,3977,232,2468,1145
"1432",3786,1678,2913,1932,3611
"1433",138,665,1947,2420,1183
"1434",596,3298,1398,1270,1057
"1435",270,1101,3293,1399,1178
"1436",1137,3934,708,104,1232
"1437",371,1423,3824,1717,2384
"1438",3848,1722,495,3928,2568
"1439",2402,2632,1390,1722,2386
"1440",885,216,3360,4208,3323
"1441",1282,1005,2722,2922,4152
"1442",4059,4177,4461,3310,790
"1443",929,4134,2515,1665,115
"1444",1958,3567,4249,141,1594
"1445",2859,1679,2904,513,2537
"1446",470,1569,3910,3464,3220
"1447",33,882,2189,1456,1852
"1448",1482,629,1990,3613,2119
"1449",3475,322,3088,2927,1216
"1450",4358,4015,3809,4191,4339
"1451",1468,2164,2036,1109,1139
"1452",2190,2529,4074,333,150
"1453",3549,1564,4323,689,2126
"1454",381,910,2380,1161,3856
"1455",2796,1328,2082,3179,2831
"1456",1261,3943,3143,16,2976
"1457",358,305,3778,4296,3437
"1458",483,2893,2246,3503,2136
"1459",3167,817,3329,2315,491
"1460",1703,2613,4165,1147,3677
"1461",1440,2766,2017,2706,1249
"1462",3387,625,572,2751,1938
"1463",3962,187,1660,3582,2876
"1464",4209,4231,3687,1982,4377
"1465",3723,2762,1153,1438,2721
"1466",1817,3352,2770,2477,3733
"1467",1052,4411,4335,854,3190
"1468",865,271,542,509,908
"1469",2661,161,3169,2850,1883
"1470",2726,3475,2926,2620,4088
"1471",1056,348,772,919,2566
"1472",4075,1785,2909,1285,2317
"1473",2762,2455,2671,2614,3073
"1474",3405,850,2915,97,2031
"1475",435,3931,3945,3244,101
"1476",3943,901,1373,3470,3371
"1477",1379,3847,1457,2488,3824
"1478",3199,2715,1205,4167,737
"1479",827,2503,2097,564,718
"1480",4423,1551,1969,2371,899
"1481",2628,2848,4442,2896,1262
"1482",2637,795,338,2621,2079
"1483",434,1595,3941,2269,2500
"1484",18,2563,1550,527,2742
"1485",1108,159,2236,1725,4135
"1486",2843,2546,1018,1909,1848
"1487",628,856,1825,1966,2413
"1488",785,2123,2529,1477,239
"1489",2775,549,683,1263,797
"1490",3587,823,2552,3708,4048
"1491",1028,1255,3899,3963,1785
"1492",471,1302,3063,3644,1950
"1493",2835,870,2095,1049,312
"1494",389,1124,3284,1663,550
"1495",3689,2424,4060,3497,2021
"1496",1045,4200,4467,3952,3257
"1497",3930,3246,2012,2402,1986
"1498",172,3273,2446,1303,2369
"1499",1415,2335,3162,4425,3793
"1500",3985,4467,2251,4345,3444
"1501",1476,1516,1321,619,2640
"1502",3645,699,3921,3527,2304
"1503",486,3105,964,1484,1047
"1504",303,666,1023,2059,1277
"1505",13,2730,295,2939,2716
"1506",919,2826,1633,3305,3043
"1507",1398,4313,1653,1127,1402
"1508",4469,717,3702,1697,3
"1509",3081,2047,3644,763,3059
"1510",3609,3554,1314,3968,1067
"1511",3983,933,2731,2431,1765
"1512",972,82,3441,2533,4456
"1513",3095,69,4333,3361,3798
"1514",642,2896,1251,2831,1388
"1515",2449,2667,3317,2902,3407
"1516",606,2365,4091,1035,1966
"1517",3069,3809,763,780,406
"1518",3918,4095,2930,2230,2388
"1519",3026,3933,2851,1189,3447
"1520",4345,1478,2509,3289,2771
"1521",3125,2711,1291,3022,1738
"1522",3685,1675,3772,1165,863
"1523",1682,2619,1033,3012,2708
"1524",3101,2776,138,2914,2956
"1525",424,1277,3095,1426,3667
"1526",1272,2929,1158,3132,1229
"1527",1901,2948,286,3245,2653
"1528",2415,1687,844,2357,719
"1529",678,1859,4464,2651,3797
"1530",445,1453,2625,3209,4330
"1531",3779,2753,2886,4091,1309
"1532",886,4358,3829,4351,238
"1533",1288,3066,3297,2955,109
"1534",850,2392,2047,320,2458
"1535",4084,512,4328,667,1088
"1536",3479,3132,4380,3800,3855
"1537",1502,3425,3351,3831,574
"1538",146,351,3973,4008,1003
"1539",4,4362,980,2001,802
"1540",2022,1826,1514,222,3884
"1541",565,2577,1058,1473,3665
"1542",4327,3882,3079,4281,1252
"1543",238,2805,3977,1945,4007
"1544",4307,3947,3808,1190,1204
"1545",1150,3871,570,722,732
"1546",2405,2248,3155,461,2480
"1547",438,715,3282,3258,2861
"1548",505,4131,2583,4059,3369
"1549",978,2738,1167,3456,514
"1550",1421,3622,4454,4079,1783
"1551",1708,3535,1261,2974,1677
"1552",2110,4111,566,3473,551
"1553",2077,99,1700,2314,1998
"1554",2680,3833,3884,4024,4092
"1555",1841,2659,357,3554,1524
"1556",396,847,3767,611,1480
"1557",1687,614,738,1236,253
"1558",2924,741,995,1044,2121
"1559",4273,579,3803,72,781
"1560",2851,3739,3001,170,2649
"1561",4139,2758,4258,2729,2971
"1562",3047,1625,2214,394,3654
"1563",2673,1548,4367,1434,295
"1564",3332,4176,4505,816,2511
"1565",4507,524,250,1609,2963
"1566",2009,1869,2895,2239,4250
"1567",4065,2069,1342,101,3858
"1568",2193,1137,1804,203,4479
"1569",4334,3766,158,3636,3395
"1570",3466,2408,529,791,688
"1571",3328,1752,31,3066,2737
"1572",696,3378,4227,3216,1579
"1573",792,2432,3743,917,1188
"1574",1322,1121,3238,114,1761
"1575",2685,3399,2804,1130,1293
"1576",4080,2172,931,3550,4328
"1577",2520,1382,3353,1679,2912
"1578",3694,1775,3771,3000,2449
"1579",2697,4133,2914,623,2390
"1580",105,165,4340,3502,3426
"1581",3866,3612,4296,3629,1222
"1582",750,4240,600,1915,74
"1583",2973,3356,2547,1442,1454
"1584",1720,3565,972,4097,2634
"1585",4213,1868,4444,1991,1482
"1586",2624,4066,4190,3677,1874
"1587",3314,1514,1003,1553,1103
"1588",3385,2566,4199,3570,470
"1589",2656,3936,519,440,1037
"1590",1896,3249,1903,4412,1700
"1591",2114,2447,2759,3619,1777
"1592",3233,374,1108,1254,3581
"1593",3769,4418,1539,1618,4504
"1594",2512,1464,3409,3751,1342
"1595",1686,1642,4013,464,4291
"1596",3205,1471,4090,2647,29
"1597",26,1292,2795,3475,2129
"1598",1876,1139,164,4214,1429
"1599",2076,3771,2364,1770,3049
"1600",230,3453,576,1360,4396
"1601",2895,1814,3532,2268,1533
"1602",1394,938,2451,2444,4335
"1603",1657,2499,4339,4291,3291
"1604",2677,3152,1421,1989,2637
"1605",2145,4398,3081,446,3135
"1606",394,1948,4236,4109,2922
"1607",1192,502,3421,2564,3834
"1608",3894,1953,2174,2662,4129
"1609",3041,3173,2431,1311,1007
"1610",2640,562,522,291,2091
"1611",2594,3841,65,2830,2026
"1612",984,550,3649,3293,3242
"1613",2251,914,1430,2325,2072
"1614",1540,3860,3875,2408,2673
"1615",3890,4359,749,236,1428
"1616",3571,2797,792,2806,1661
"1617",777,2823,3321,197,1826
"1618",1677,3482,2333,3538,2320
"1619",1336,831,364,710,269
"1620",2160,1949,4221,4033,1226
"1621",4200,1290,392,1794,2066
"1622",4052,4172,2649,1821,6
"1623",3066,1570,555,1445,2542
"1624",4305,3296,2484,90,527
"1625",1289,3473,1642,43,1518
"1626",4313,714,1572,276,2073
"1627",2381,1647,4107,3785,2632
"1628",574,1399,832,2398,1300
"1629",3490,419,66,781,1320
"1630",240,1855,1709,1224,727
"1631",4302,325,3813,648,954
"1632",1724,2974,3774,4113,3300
"1633",332,4329,2480,2855,1128
"1634",1685,701,4180,3737,1140
"1635",360,3512,1671,2107,2616
"1636",3785,4432,2982,1994,1080
"1637",4484,3924,3168,26,3846
"1638",23,520,1452,3421,2759
"1639",180,2080,81,2112,1138
"1640",2620,2625,4368,2343,149
"1641",4136,1857,2645,1010,509
"1642",2363,3046,4281,3637,4059
"1643",3982,37,3716,2361,2381
"1644",2220,855,2357,3505,3535
"1645",3131,3654,1168,1937,298
"1646",3348,3605,607,759,3455
"1647",4111,4400,3164,1839,1517
"1648",2440,1177,3255,2000,3761
"1649",2853,1071,3139,2834,3061
"1650",653,3400,490,126,155
"1651",4215,1210,2436,1724,379
"1652",890,2825,1818,1072,2730
"1653",1286,3594,1991,1554,537
"1654",1100,3930,4297,293,3844
"1655",4300,4195,2827,575,2655
"1656",1495,1475,1488,2744,643
"1657",1874,1274,2461,4445,2681
"1658",2946,4412,1127,1143,948
"1659",3746,922,2368,2563,3142
"1660",2287,1723,1257,3515,3977
"1661",1420,1747,3753,1836,488
"1662",1483,4380,1007,796,783
"1663",49,1626,2490,1684,3124
"1664",693,1401,2699,2259,480
"1665",4500,2128,1371,1340,1586
"1666",4363,2270,953,1686,4404
"1667",1113,493,4,4046,1213
"1668",4147,2996,4440,999,626
"1669",1112,4089,3882,1667,2924
"1670",874,1727,3787,4216,1982
"1671",2492,3519,805,4321,602
"1672",3436,2861,2658,1914,1141
"1673",1599,1908,11,2472,4093
"1674",1036,1773,3406,266,3875
"1675",790,2317,2730,3225,4438
"1676",4159,1147,4163,3780,1587
"1677",680,2720,3170,4232,4382
"1678",1341,995,2610,2959,3776
"1679",3986,2308,1416,1298,4499
"1680",1824,878,1134,3307,141
"1681",918,2562,2067,2146,1314
"1682",840,2951,3798,590,2070
"1683",76,3013,1473,3191,4019
"1684",631,73,676,415,2352
"1685",4181,1508,1720,871,2554
"1686",1664,2338,2927,1501,3412
"1687",3857,1787,2306,1225,1021
"1688",3639,2596,2605,282,4080
"1689",1438,3153,2472,2596,78
"1690",1719,1204,1796,211,3616
"1691",3088,3666,3812,685,1910
"1692",4235,1964,3876,2258,716
"1693",2626,3958,1766,4259,1396
"1694",164,4001,759,3726,3788
"1695",3650,294,3831,3358,2823
"1696",1957,1567,481,2639,2644
"1697",1069,1420,2235,3343,105
"1698",3971,783,2492,1214,4140
"1699",2774,3088,1139,1516,3984
"1700",3209,807,861,1431,3832
"1701",1870,732,1091,1954,2423
"1702",1847,1604,2316,2797,3332
"1703",1195,1663,2234,120,4124
"1704",1972,3123,2160,2778,451
"1705",2842,3873,2393,273,1780
"1706",3822,4445,2710,2484,2373
"1707",3249,3254,650,4183,3955
"1708",2912,1232,455,1774,5
"1709",4096,307,2084,563,3843
"1710",3481,2066,1839,34,3103
"1711",2410,2972,3851,4074,1995
"1712",2169,2238,3463,2595,84
"1713",2259,739,1455,3460,2236
"1714",127,569,3989,4500,934
"1715",1936,2357,996,2968,3442
"1716",2390,1293,1439,1934,3531
"1717",600,1843,3424,2547,3651
"1718",899,3543,3564,4507,605
"1719",30,11,3272,1449,3914
"1720",976,3211,443,3520,4385
"1721",3301,1741,901,3672,2592
"1722",1746,4228,2821,1525,3557
"1723",2790,1254,2179,3008,2197
"1724",2763,3772,1118,3256,2809
"1725",789,3590,1756,2885,1013
"1726",1221,2971,2502,252,2474
"1727",4310,279,3354,3856,2719
"1728",34,1439,3860,298,1332
"1729",2124,1230,3142,1712,630
"1730",1774,2851,2797,740,768
"1731",4483,3422,236,2767,4141
"1732",1262,1628,533,629,4005
"1733",204,1023,3523,3595,3280
"1734",379,1498,4245,3327,2476
"1735",3327,257,4422,2326,459
"1736",4336,377,2233,1856,2457
"1737",3809,2520,2666,4174,1205
"1738",2925,965,4387,2005,739
"1739",3368,843,2145,3404,3893
"1740",37,1512,3783,4407,2035
"1741",2641,3573,2331,1661,1471
"1742",3219,2471,4005,687,2697
"1743",2214,1152,4260,1036,3702
"1744",3100,825,221,1551,4230
"1745",4266,4310,2939,1735,4043
"1746",1701,4155,3496,4446,3361
"1747",3829,2743,3737,316,3104
"1748",2932,2485,2946,3523,2082
"1749",2867,1367,2173,628,4349
"1750",4189,2778,4265,327,2111
"1751",4439,664,2788,3382,1295
"1752",4333,1452,1984,1196,2395
"1753",1174,4137,1216,2267,3112
"1754",1454,4429,500,2971,2278
"1755",1780,1607,1090,1265,1574
"1756",1357,648,2736,2030,3872
"1757",907,445,867,4432,1656
"1758",1829,3447,492,1601,1846
"1759",2833,631,56,755,1840
"1760",3291,296,3590,2284,1270
"1761",796,3395,2288,4297,3758
"1762",2093,2189,895,3729,138
"1763",2429,2007,3330,2228,3995
"1764",3892,3902,959,1640,1094
"1765",1640,201,1734,3770,3212
"1766",2832,457,3956,998,3506
"1767",1260,1795,1678,1241,433
"1768",3952,3392,3889,669,4318
"1769",1021,3533,290,2645,1430
"1770",1169,777,2051,255,394
"1771",1480,660,1087,1759,464
"1772",312,62,2997,3749,2508
"1773",605,3547,4429,4467,3097
"1774",566,94,675,453,2787
"1775",1587,2940,1202,886,587
"1776",742,4498,4114,636,3505
"1777",2553,4385,4363,2769,1394
"1778",411,3815,1640,521,1281
"1779",2698,2117,3614,2627,4405
"1780",1837,1918,2867,2087,2626
"1781",1650,190,2416,730,3065
"1782",1660,1094,350,4447,707
"1783",210,112,3387,1353,1242
"1784",551,1003,1123,4413,3289
"1785",1219,2643,606,4266,3624
"1786",4489,571,451,2925,2733
"1787",540,2573,4385,2982,3367
"1788",1466,2475,534,2161,342
"1789",2545,1876,1907,4128,1443
"1790",4091,2306,4453,772,1702
"1791",41,1950,3498,2183,3002
"1792",3905,904,4481,1676,2765
"1793",3817,1191,1806,601,2248
"1794",1572,3932,1331,1964,3618
"1795",738,3073,963,1650,3255
"1796",2168,3887,4102,2215,2058
"1797",4242,1685,3643,3222,1979
"1798",1414,4469,2525,3680,2827
"1799",957,458,2543,3207,2524
"1800",1963,3629,1786,529,2762
"1801",2231,4422,1962,556,1465
"1802",4116,1253,1919,1309,417
"1803",3898,3767,408,1235,2675
"1804",2644,1307,598,4319,2660
"1805",44,3667,3553,4418,3737
"1806",3538,199,961,2886,4267
"1807",2199,2015,3224,1351,3394
"1808",782,2905,2953,3491,120
"1809",1270,992,1605,1550,243
"1810",794,3703,4255,2385,3649
"1811",2015,3327,2395,3532,4391
"1812",639,3260,543,1931,1799
"1813",4005,1477,391,1016,3088
"1814",2471,3012,2712,2524,3028
"1815",2218,1035,4450,418,1760
"1816",1634,228,3245,715,2269
"1817",418,205,1483,1027,2595
"1818",3144,3241,269,3661,4419
"1819",2298,420,701,3175,742
"1820",866,4052,4469,799,2207
"1821",530,3439,2350,393,361
"1822",1986,1107,1052,81,453
"1823",3851,1016,2775,459,622
"1824",4264,830,1954,435,462
"1825",3290,1075,720,2616,1731
"1826",1557,2921,843,480,2666
"1827",3202,3595,1013,995,1011
"1828",1735,2379,4194,1064,3777
"1829",4081,204,535,1097,1924
"1830",2771,3883,2816,1766,2517
"1831",670,4374,1318,3371,2256
"1832",400,2478,4292,3139,1741
"1833",4244,432,3352,3253,3791
"1834",3073,3188,775,882,714
"1835",1769,1891,380,1275,1705
"1836",2959,3275,1381,204,467
"1837",2191,1771,4233,1493,2970
"1838",2619,1049,4209,1068,2547
"1839",1349,4185,1538,213,3262
"1840",3518,236,1956,3214,2610
"1841",2990,2787,567,718,2319
"1842",3271,1705,30,311,3697
"1843",475,3626,3525,3309,888
"1844",4394,2328,797,344,449
"1845",3028,2717,1656,2055,2842
"1846",1748,1563,1106,3894,4463
"1847",682,2006,3194,935,820
"1848",2764,1408,3509,4278,2294
"1849",2623,1977,3591,2381,276
"1850",2964,1291,4047,1757,4039
"1851",4463,634,2375,3242,2419
"1852",4290,3225,3453,3620,2227
"1853",4033,2901,796,3318,2530
"1854",2893,647,836,3016,1550
"1855",27,278,1675,2999,14
"1856",1730,2842,3909,2144,2926
"1857",1580,1489,2275,1652,1187
"1858",3953,1929,1401,29,1555
"1859",485,3982,4006,586,1671
"1860",1096,4147,4025,1128,2883
"1861",3672,1316,4049,1450,1292
"1862",4475,1804,869,2904,4023
"1863",3931,4508,1710,3822,2383
"1864",4349,3085,437,474,573
"1865",3679,2086,470,1310,4383
"1866",625,841,3993,4149,4455
"1867",962,3615,273,3145,4301
"1868",1840,3631,3049,754,3037
"1869",3414,253,668,3838,1500
"1870",484,244,4357,3189,3293
"1871",3039,4249,2011,1763,4331
"1872",1567,2295,370,4130,1006
"1873",1161,2143,72,879,1999
"1874",1520,1400,3507,2937,70
"1875",356,572,1834,2247,956
"1876",4152,249,82,851,2786
"1877",1189,3575,3604,2266,2990
"1878",564,289,2632,4279,3863
"1879",3489,13,2473,701,2258
"1880",2232,1882,3,2081,2247
"1881",1,3353,2767,2700,1359
"1882",4271,3139,3050,2808,3086
"1883",3680,1103,3645,2973,4319
"1884",3429,4402,270,2400,1483
"1885",2333,1940,2694,3872,468
"1886",3875,3430,233,342,3591
"1887",3009,1523,222,4276,1317
"1888",994,3500,3548,408,2218
"1889",3258,1,343,2940,916
"1890",1492,2448,4302,3381,949
"1891",2413,437,1651,2679,220
"1892",3206,169,1664,2238,245
"1893",272,3411,1064,958,1391
"1894",3662,1988,3694,371,2782
"1895",241,453,3995,1148,3256
"1896",1810,107,2239,4364,1179
"1897",245,611,248,1568,1189
"1898",645,3204,1694,2154,1341
"1899",66,2875,2765,3249,27
"1900",743,3998,3848,2528,646
"1901",3389,2882,4120,336,538
"1902",3525,1431,4170,1184,2397
"1903",2818,428,1521,3138,722
"1904",3345,2019,1302,1617,2224
"1905",133,63,3601,1737,951
"1906",2974,3874,3630,987,3592
"1907",941,2741,2138,627,3809
"1908",1304,3757,3657,41,63
"1909",3006,1347,4345,2309,1175
"1910",4158,3658,467,606,2065
"1911",4348,3280,2447,1363,860
"1912",1130,1837,3480,2942,1345
"1913",3080,4421,2830,150,3973
"1914",85,513,2408,64,1534
"1915",717,813,3082,403,4097
"1916",2794,2521,1344,3594,3006
"1917",968,1047,3633,3671,3982
"1918",2733,3673,2220,3192,2393
"1919",354,2726,2634,278,1510
"1920",646,4344,4332,1693,2416
"1921",1549,1751,299,1455,3143
"1922",1528,335,160,1910,1412
"1923",2469,346,910,1371,188
"1924",3462,1902,592,4372,1567
"1925",748,3032,1102,3557,1640
"1926",1889,102,2639,205,4314
"1927",3664,697,18,3658,2108
"1928",2314,3645,509,3091,1818
"1929",1576,673,2199,3026,2583
"1930",1820,507,2766,3388,1572
"1931",2887,3219,3962,3303,1940
"1932",4344,3839,2857,937,2243
"1933",3292,514,932,1804,1220
"1934",1330,2363,3626,127,334
"1935",3993,3574,3786,2781,2627
"1936",4325,164,4182,455,3290
"1937",294,42,629,1146,955
"1938",283,2382,1707,651,2171
"1939",2007,721,2976,3940,1209
"1940",2070,4408,3963,1098,3601
"1941",1890,4138,3784,1734,2904
"1942",2770,290,1565,538,2003
"1943",2035,3037,2418,1582,2581
"1944",2258,528,2950,4111,250
"1945",769,3053,1712,4484,3607
"1946",286,3187,954,2084,621
"1947",1196,2906,2869,4401,4306
"1948",2316,1930,3138,2003,3670
"1949",655,2003,1054,230,4142
"1950",409,1261,2453,979,3116
"1951",2811,156,3123,2261,754
"1952",2441,927,1571,3413,16
"1953",3491,1017,3593,1768,2372
"1954",4276,1155,2417,2654,1192
"1955",2889,2410,1557,4355,1014
"1956",2330,4094,355,3493,2198
"1957",1773,1426,466,3418,3935
"1958",1374,941,992,1941,57
"1959",1980,2505,3228,4395,1978
"1960",4436,1901,317,2262,3992
"1961",2207,3548,135,1541,3317
"1962",817,378,741,3368,4428
"1963",2235,1355,1896,3904,1927
"1964",2743,2957,3379,2661,652
"1965",4322,2782,123,2653,401
"1966",2204,2688,1529,4182,693
"1967",3540,4189,3363,1248,891
"1968",88,4364,2172,650,586
"1969",2096,686,2918,1616,3170
"1970",1212,1617,1036,2318,3926
"1971",4362,2371,142,3918,2229
"1972",776,4260,2615,378,2686
"1973",4089,1100,3872,3871,2780
"1974",2681,2909,2225,2777,1974
"1975",2575,560,3249,3274,3147
"1976",3035,2271,648,349,303
"1977",3052,1335,1146,2570,3881
"1978",143,2702,3625,1111,1324
"1979",1046,3990,3000,1812,3904
"1980",778,4235,2367,2432,494
"1981",3499,1691,106,80,2659
"1982",4041,735,1967,4326,2696
"1983",1912,3033,406,3804,340
"1984",1693,810,4277,3114,1719
"1985",2886,3366,3235,3486,3433
"1986",284,1099,2429,2350,3964
"1987",5,591,1554,892,193
"1988",2142,3576,215,4502,1269
"1989",1044,558,2792,2418,1026
"1990",2453,230,1047,3056,4209
"1991",603,162,2468,1430,801
"1992",2480,1078,2541,2881,3348
"1993",3367,2391,731,113,2665
"1994",295,150,2881,3866,599
"1995",770,4163,897,3208,4399
"1996",1547,1615,1835,3190,132
"1997",2724,1308,878,187,3600
"1998",3138,532,1833,4381,816
"1999",3841,1946,58,1655,3016
"2000",224,3239,1831,2554,4079
"2001",1471,3383,174,618,186
"2002",1198,221,1069,1808,504
"2003",1632,1351,2584,2072,2767
"2004",482,39,2833,994,3302
"2005",3520,2144,920,3312,1683
"2006",327,3148,3040,1518,1887
"2007",1255,758,1670,2702,1882
"2008",12,621,2255,2336,4060
"2009",1326,3159,611,3881,4488
"2010",1778,4376,1465,3790,167
"2011",3722,2390,842,3951,3709
"2012",1541,2838,1282,2718,2951
"2013",2655,1269,817,1286,885
"2014",3247,4043,1809,1398,2937
"2015",2760,1095,4289,2149,1657
"2016",3938,2967,622,148,2493
"2017",987,2053,703,2861,3362
"2018",3876,3901,3055,51,806
"2019",1833,1588,636,2668,4204
"2020",1610,1815,2554,3506,1854
"2021",1250,1914,70,1374,4157
"2022",2571,1040,1508,3840,4465
"2023",823,3339,1114,3059,4433
"2024",1413,2841,1126,1713,4309
"2025",4211,1228,3435,2669,3708
"2026",3582,1429,1214,2387,4437
"2027",3711,880,3530,2348,1571
"2028",175,780,3156,1731,1695
"2029",1666,2525,2562,2877,2868
"2030",216,2071,2673,3714,1018
"2031",3231,756,3677,1106,4492
"2032",3705,1822,4007,2352,2903
"2033",4186,1524,2718,2789,1856
"2034",2939,2461,3838,1337,595
"2035",2444,139,1070,4417,3105
"2036",955,1244,1089,3947,506
"2037",4283,2514,2966,4005,1227
"2038",3788,3048,4431,3988,2818
"2039",2148,4016,634,2200,4180
"2040",228,224,2825,1318,697
"2041",2016,872,3252,1875,2268
"2042",4138,1220,2359,2832,236
"2043",4069,3560,4248,3379,3308
"2044",1134,1470,515,1416,4144
"2045",3888,3070,2836,3850,3470
"2046",3410,3738,2113,2727,3145
"2047",2902,3044,768,2628,2974
"2048",647,2124,900,3030,454
"2049",469,745,438,608,763
"2050",2715,2992,3402,1589,3091
"2051",2136,1313,2048,1711,510
"2052",1747,3566,2814,53,3270
"2053",1026,2400,3014,3483,4231
"2054",1902,3773,4484,813,1096
"2055",2913,3976,3092,1243,3251
"2056",4048,481,3871,3269,1776
"2057",4185,1373,1547,1403,323
"2058",1340,303,1105,1167,3035
"2059",2494,4474,742,110,34
"2060",2510,837,2579,429,3996
"2061",1987,268,752,788,2472
"2062",4195,1455,1925,233,2663
"2063",1245,1469,2337,1803,216
"2064",872,3479,4237,2035,402
"2065",809,1212,3390,3652,856
"2066",2561,2221,3347,4341,3246
"2067",578,2259,1260,2631,2695
"2068",2981,2961,2826,2213,3849
"2069",1699,2703,1717,2007,24
"2070",3761,1536,2876,2229,2893
"2071",297,3351,640,1584,3443
"2072",977,1198,3356,490,2334
"2073",1408,1767,1025,3562,2115
"2074",4012,3682,3950,3093,2228
"2075",497,4326,3073,2941,1563
"2076",2042,1339,713,2060,314
"2077",3659,4046,2132,3195,2670
"2078",2366,619,3654,1216,2445
"2079",3038,3965,2487,310,2596
"2080",1154,2941,4117,4176,348
"2081",3989,3655,3939,425,3493
"2082",779,31,1406,875,4338
"2083",1170,2610,1002,1855,1377
"2084",4454,3278,3918,765,4398
"2085",206,3827,3087,3906,4376
"2086",2457,1783,3652,1705,2327
"2087",1509,198,4217,404,2947
"2088",2357,672,1411,1624,4277
"2089",2058,2765,4458,2555,3008
"2090",399,919,773,2822,3927
"2091",1424,4087,1336,1157,2853
"2092",3710,2130,2399,4273,2266
"2093",1789,3955,2090,3262,2605
"2094",2418,2601,2921,3626,2064
"2095",3045,3638,1518,843,217
"2096",2534,480,1376,2202,306
"2097",2562,4480,627,2464,2075
"2098",333,2888,2197,2475,3965
"2099",1358,554,3599,1170,2674
"2100",1531,4320,2002,3320,2068
"2101",4293,4322,385,3563,3457
"2102",1140,2250,1268,2784,884
"2103",2361,2083,246,1597,2172
"2104",1318,430,1799,2463,4495
"2105",367,4068,238,2626,2763
"2106",2910,316,3178,2890,3584
"2107",2336,1418,1431,2137,2008
"2108",2977,2567,4206,2085,2523
"2109",4506,3207,1985,3081,3333
"2110",458,1359,3438,3738,2512
"2111",3059,1866,2882,1547,2527
"2112",2707,3086,193,13,2734
"2113",1402,2920,612,4205,2408
"2114",2483,2975,2845,209,2614
"2115",2123,1456,4037,4065,2910
"2116",1855,2681,1874,1269,3044
"2117",2546,742,1221,59,2552
"2118",3310,2513,2058,1206,3500
"2119",2141,2226,2206,1833,1786
"2120",98,1371,3659,560,628
"2121",1131,503,1988,313,477
"2122",3531,1435,1996,990,2791
"2123",211,3553,365,4440,416
"2124",3083,4394,1823,4420,3890
"2125",3000,2718,1326,3616,3041
"2126",3926,1196,2640,1396,4205
"2127",3420,866,2279,3832,1622
"2128",3354,626,2973,898,2546
"2129",980,4040,1149,1594,1611
"2130",1806,849,588,3291,4003
"2131",2266,427,4241,2469,3069
"2132",3192,141,851,2438,502
"2133",2253,2981,3300,2997,4111
"2134",2085,890,2433,3197,482
"2135",971,3973,1778,2657,946
"2136",3197,4330,2106,570,3017
"2137",946,4257,2848,314,3230
"2138",2334,2672,1269,975,1619
"2139",855,2126,409,4267,530
"2140",2443,3731,3086,4374,2375
"2141",1785,2354,2808,3932,3728
"2142",1646,2799,134,3564,2777
"2143",2358,1699,321,3031,2914
"2144",4303,937,2390,3006,1643
"2145",518,814,2243,3317,867
"2146",4353,4291,1862,1197,762
"2147",1925,2579,4377,1849,1675
"2148",2547,2464,4172,2948,2531
"2149",8,4437,559,334,4033
"2150",1106,3362,1324,1460,1129
"2151",2541,662,3775,4012,143
"2152",2872,940,2311,2755,3335
"2153",4502,991,3042,427,1669
"2154",1232,218,3198,2689,3106
"2155",3799,526,3870,1210,1936
"2156",3195,1427,2075,4101,2425
"2157",3824,797,3842,825,3464
"2158",4378,559,199,967,3808
"2159",2034,2736,2598,1861,1870
"2160",2508,1419,2329,4227,2182
"2161",186,2330,618,876,2114
"2162",988,1838,4256,915,1758
"2163",1893,3077,192,1088,926
"2164",3844,3913,85,3391,1371
"2165",1894,1392,1113,3472,4181
"2166",2181,3230,2263,3985,3662
"2167",887,401,2680,700,1674
"2168",3684,557,3708,1924,1459
"2169",3501,1195,999,2758,3975
"2170",3578,2655,854,1720,2411
"2171",28,3067,1928,4148,778
"2172",2854,3610,537,3246,202
"2173",2001,2388,333,420,690
"2174",334,3149,573,1572,3911
"2175",2750,1397,13,1288,685
"2176",2447,4104,2738,910,3239
"2177",3673,3885,4051,3157,929
"2178",3053,868,3487,3553,1809
"2179",2115,3715,1479,1784,1147
"2180",199,2496,3747,1237,715
"2181",845,1892,724,2396,2221
"2182",4155,4211,3244,4213,1817
"2183",3879,85,853,3705,385
"2184",2195,2402,1791,1369,2150
"2185",3318,2276,3567,2212,3669
"2186",4199,4395,1698,246,3296
"2187",4430,1724,2636,2876,3867
"2188",378,2299,3375,1110,43
"2189",897,4413,2298,4218,3827
"2190",2584,3452,2056,3874,2950
"2191",4352,3961,2672,913,1565
"2192",1570,1670,4138,4234,4482
"2193",3,4014,2837,826,2685
"2194",1505,977,2224,904,3889
"2195",302,207,180,2054,1858
"2196",2662,284,4299,818,500
"2197",2850,3793,4133,558,2427
"2198",2766,3926,3542,2339,2855
"2199",2804,1942,3472,4339,2661
"2200",3137,3316,1356,250,1296
"2201",1898,1667,3266,4474,3674
"2202",4238,4110,1212,4387,1267
"2203",1070,358,692,1389,3393
"2204",3217,2679,4145,144,1808
"2205",254,2878,1923,2353,3355
"2206",3497,800,3263,260,2364
"2207",1935,3315,3923,2206,3899
"2208",3057,1963,3996,705,3716
"2209",4013,1923,3611,4344,3379
"2210",552,3166,3811,3842,3657
"2211",2008,3856,3039,1581,1115
"2212",1157,3798,904,3451,1561
"2213",590,2428,1762,3155,1754
"2214",1091,463,807,3815,2143
"2215",830,1976,3930,1018,2885
"2216",1954,410,239,2479,2946
"2217",903,4391,1526,1645,1501
"2218",1477,4485,799,3511,1425
"2219",3510,2275,3885,2615,1607
"2220",1733,3245,1986,3720,1923
"2221",2250,3008,477,2243,3826
"2222",2149,3758,2010,4014,2341
"2223",1059,1774,2015,1658,156
"2224",1560,149,3213,78,4147
"2225",3777,3196,1627,2788,1361
"2226",1493,1905,2582,1507,2597
"2227",2222,1576,1711,524,3951
"2228",4232,2057,1345,1199,2106
"2229",2011,1875,4426,302,2178
"2230",1256,456,915,1202,1685
"2231",1673,277,2030,3098,558
"2232",2121,4379,1084,2301,580
"2233",2791,4315,2708,470,2210
"2234",3188,1134,3370,959,4134
"2235",1252,1141,2332,3609,255
"2236",2087,308,1649,4211,2535
"2237",1864,2192,2121,3900,3224
"2238",2215,132,1372,4406,3411
"2239",3021,747,147,688,972
"2240",1488,3754,3232,3642,1676
"2241",546,529,3622,4450,2931
"2242",1721,599,2789,2470,274
"2243",2370,4316,3512,3762,148
"2244",2569,3672,3551,1468,3200
"2245",4402,3608,2601,3987,3806
"2246",1854,1605,3451,210,2324
"2247",116,3580,2546,4416,4098
"2248",4017,3786,1614,3187,1714
"2249",4197,798,2539,2386,873
"2250",4148,875,352,3337,3941
"2251",313,203,2335,4039,847
"2252",3114,588,1294,535,596
"2253",395,3426,4216,4370,2463
"2254",467,1370,1222,2159,3915
"2255",2349,127,2371,2254,2069
"2256",725,59,1245,1653,3757
"2257",2280,2773,1534,3929,327
"2258",190,618,4262,2272,223
"2259",4494,1874,4014,1605,332
"2260",1457,1863,725,4470,723
"2261",2599,2418,1938,1760,751
"2262",1900,3549,116,2369,3537
"2263",1264,1644,2479,787,3905
"2264",3937,726,2362,2753,264
"2265",342,191,168,2216,4325
"2266",1704,641,2267,532,4022
"2267",3273,4478,2768,2113,3929
"2268",2301,3214,3934,1435,3632
"2269",3814,2412,2685,2226,1024
"2270",3570,486,4130,1627,2308
"2271",1053,3909,1790,1352,2669
"2272",2692,1203,398,4143,2403
"2273",1481,939,645,297,4126
"2274",142,1951,2668,888,2417
"2275",4351,3515,4304,2828,3392
"2276",1469,979,1066,1204,1871
"2277",1922,3510,1183,1421,1822
"2278",2621,56,693,3880,4187
"2279",931,3068,1910,3366,4176
"2280",3842,4468,3237,2803,2983
"2281",3603,2915,1869,550,2404
"2282",1222,105,1922,3605,2848
"2283",3984,3330,79,1029,2302
"2284",3186,4502,4158,3482,2250
"2285",3963,362,1463,1860,2186
"2286",1669,1267,4150,3889,4293
"2287",3272,3844,688,351,1906
"2288",3713,1614,3826,2775,1208
"2289",1992,706,3187,454,4296
"2290",3025,638,3397,1981,3609
"2291",1524,2925,175,1344,140
"2292",2369,4041,4308,528,640
"2293",991,306,4123,993,815
"2294",405,2087,3534,639,4193
"2295",1606,22,3077,820,1263
"2296",3051,876,4040,3299,786
"2297",2312,1813,3369,2719,226
"2298",442,2140,3022,1818,2811
"2299",894,1433,4184,3508,2249
"2300",3146,254,1608,1432,3376
"2301",2838,2068,95,364,4237
"2302",1659,4393,2866,2152,205
"2303",3675,643,2365,3374,1654
"2304",3903,1294,2271,3454,2801
"2305",1568,2530,1015,1019,1214
"2306",374,2536,546,3896,1909
"2307",2072,2119,3801,2079,3507
"2308",2309,1532,983,945,3816
"2309",2795,1968,336,1657,1985
"2310",1617,3462,4080,3587,2998
"2311",760,1281,426,212,3553
"2312",1023,328,2144,1472,410
"2313",4386,7,1530,300,265
"2314",4339,342,2110,1728,3414
"2315",3847,1941,2426,4230,1410
"2316",3485,3704,2040,3910,986
"2317",1022,2420,3426,2866,4363
"2318",64,4091,2190,711,913
"2319",1082,2839,1897,4088,90
"2320",4164,4217,4222,4044,112
"2321",2172,4417,2103,3537,1663
"2322",2210,4312,1459,3551,3152
"2323",2048,1544,3820,3813,1306
"2324",768,2380,659,3857,3027
"2325",689,2495,1480,3771,326
"2326",465,3215,917,4509,4114
"2327",3176,4266,4347,823,798
"2328",115,1387,4011,702,2773
"2329",3655,709,3333,952,2965
"2330",455,3708,36,202,2307
"2331",910,3878,274,2748,3042
"2332",1990,4317,2149,2253,2159
"2333",4162,1402,3770,1079,432
"2334",1269,2349,4224,3640,679
"2335",1621,1553,4398,3764,961
"2336",1303,2451,3365,553,1912
"2337",3074,1168,213,539,2007
"2338",1538,2350,4064,614,3382
"2339",3148,3407,1055,691,2633
"2340",2302,1039,2466,3049,3778
"2341",2420,4245,6,2917,2884
"2342",979,2329,3607,3902,3668
"2343",973,2634,3606,3362,3811
"2344",2665,2094,1152,3954,2085
"2345",3825,581,2693,2969,395
"2346",113,3592,868,2513,748
"2347",4292,1550,1613,3500,813
"2348",2993,113,282,1181,3707
"2349",2815,840,1849,1162,1291
"2350",3716,291,2114,3809,3023
"2351",4241,3775,33,2028,2724
"2352",1179,519,2947,3899,1773
"2353",1156,1171,2005,1425,3288
"2354",3155,2210,3182,1935,3390
"2355",3424,2728,747,3128,3862
"2356",3402,2716,1889,76,3498
"2357",2470,566,3937,308,3347
"2358",4070,3968,4311,2478,1333
"2359",2761,811,2536,4159,2109
"2360",3450,2157,1197,2810,4251
"2361",915,3202,3796,830,2314
"2362",4367,693,293,2934,3310
"2363",1615,2436,1290,3110,556
"2364",759,3436,3371,3684,1970
"2365",2632,728,1186,2120,3370
"2366",1038,2793,1697,346,2343
"2367",963,1671,2832,2125,3048
"2368",3762,1386,1140,2853,3944
"2369",3542,2642,2719,4156,4369
"2370",4281,3550,3917,2683,1455
"2371",880,3377,620,2158,2081
"2372",1981,487,463,2393,4503
"2373",3116,3311,3942,976,1512
"2374",4285,1768,507,2644,1961
"2375",1013,2879,974,2165,3313
"2376",3157,280,1217,1228,1284
"2377",3104,2340,2052,3163,3473
"2378",448,1794,1405,1863,4125
"2379",788,2035,3383,2568,2495
"2380",4157,1856,3447,1078,4257
"2381",2890,4497,4036,1955,618
"2382",3760,2282,2314,2407,3149
"2383",1490,3900,2778,4,1746
"2384",1940,3047,14,4193,419
"2385",1777,3987,975,3768,1071
"2386",163,4248,4179,4210,1530
"2387",2389,2160,2665,2492,2311
"2388",1473,239,3332,3525,2385
"2389",1571,1806,1960,1894,367
"2390",1695,2314,3853,1890,3408
"2391",1373,567,859,409,430
"2392",2576,1350,716,2521,1198
"2393",755,1450,760,1260,2601
"2394",2487,1360,263,3884,2399
"2395",2616,2663,2102,3964,1835
"2396",3613,2479,2956,706,922
"2397",387,4289,1912,1320,1562
"2398",2881,2627,4446,497,318
"2399",2919,2584,577,2366,384
"2400",658,2414,4492,465,2122
"2401",3097,3778,2161,2061,2864
"2402",4135,1046,3703,909,1036
"2403",4294,804,2183,3798,3357
"2404",1210,3160,811,154,2906
"2405",3340,2690,4081,1703,32
"2406",1742,3530,531,2543,3988
"2407",4053,4274,4355,3064,1070
"2408",3111,2113,698,1226,3077
"2409",1622,2541,4125,1326,2133
"2410",4205,1967,2948,2299,2012
"2411",2788,2222,1436,1707,2797
"2412",881,1241,4278,3314,3160
"2413",3845,2246,831,924,359
"2414",350,1468,3031,3336,842
"2415",1243,1038,402,855,3756
"2416",4477,2419,7,1046,747
"2417",1620,3141,80,3841,2361
"2418",1191,74,4306,2401,1867
"2419",338,1761,525,3471,4191
"2420",3236,2947,4063,1709,1491
"2421",630,223,3500,86,1636
"2422",4060,270,2133,585,1853
"2423",2380,1403,1637,2690,196
"2424",1092,1144,2112,4245,126
"2425",2137,3849,1366,3686,3635
"2426",1584,1572,780,3487,970
"2427",3411,3423,3756,2988,736
"2428",3752,3001,217,899,3368
"2429",1353,1880,970,3123,1913
"2430",529,2729,1337,1598,3643
"2431",555,1289,822,936,4308
"2432",3789,863,478,3942,1258
"2433",784,450,1541,3989,3568
"2434",1384,3975,3144,3991,2959
"2435",1151,3435,360,152,212
"2436",2186,2597,4235,384,3720
"2437",1819,1973,3745,3140,2646
"2438",3313,730,699,2674,3187
"2439",1907,1322,2046,2117,4035
"2440",296,1354,2961,969,2144
"2441",807,3428,1467,1140,2090
"2442",2528,2923,1169,1499,3465
"2443",2778,1618,619,3045,474
"2444",3878,1519,3204,578,3836
"2445",3945,1117,179,2109,2838
"2446",847,1543,3785,149,4288
"2447",2056,2591,3132,4055,703
"2448",1444,670,1837,1461,2796
"2449",2284,4345,624,98,1727
"2450",616,2252,2029,1853,4426
"2451",1051,2173,1111,1062,261
"2452",3724,663,1379,2037,2684
"2453",1004,382,131,2423,2613
"2454",3455,3176,133,3852,2825
"2455",3535,2151,428,678,2179
"2456",795,4115,3373,1896,1310
"2457",227,3819,3434,1851,4189
"2458",502,15,2227,2782,2420
"2459",3471,3981,289,3732,1472
"2460",1613,1957,1341,927,2938
"2461",2179,3024,375,1635,4336
"2462",4427,3953,2824,3430,851
"2463",826,4489,3682,4052,3205
"2464",1217,4142,1266,970,3126
"2465",1798,763,103,1090,2365
"2466",91,891,3251,3573,1038
"2467",629,3019,227,1857,3381
"2468",582,3135,1574,1675,3136
"2469",3561,687,3556,3691,2841
"2470",4499,4461,2439,4241,354
"2471",330,1745,3089,3052,4255
"2472",3498,186,4106,355,4243
"2473",1916,1218,520,3897,3560
"2474",3086,4182,2749,572,3786
"2475",450,3705,2772,2108,1040
"2476",200,3131,2974,1826,1276
"2477",1317,659,1622,1114,3603
"2478",4332,3071,4390,1138,1271
"2479",310,131,2411,1420,2817
"2480",2809,3915,1137,709,2783
"2481",2097,1412,595,2947,3045
"2482",1393,4109,1832,2986,2770
"2483",2233,3335,4115,1668,172
"2484",3071,2184,3209,2142,2691
"2485",1828,2406,1315,3633,4447
"2486",3927,3189,3200,1308,311
"2487",4375,3075,4279,4283,3430
"2488",3793,2602,2713,916,893
"2489",4376,3465,1961,2605,2927
"2490",3633,556,2698,1878,1419
"2491",553,2415,1425,3697,1468
"2492",1602,994,1787,2303,921
"2493",764,3777,314,863,833
"2494",412,545,1417,3742,3334
"2495",269,3373,808,301,4234
"2496",2805,1590,2086,2544,463
"2497",992,1479,3034,3333,1582
"2498",2433,1907,981,2539,624
"2499",3503,3021,4334,776,1673
"2500",806,1916,1749,3718,3803
"2501",2670,3935,937,4067,3922
"2502",160,251,1738,2153,2651
"2503",832,1390,2962,2224,486
"2504",813,2281,1284,3526,1321
"2505",2754,2507,3600,2989,3084
"2506",4156,3542,3279,3127,4170
"2507",57,2205,1305,877,3241
"2508",2421,3341,2247,3013,4155
"2509",231,398,2820,2559,694
"2510",1523,3109,283,4147,4506
"2511",1924,1515,3104,3433,1895
"2512",3417,3449,3212,852,2220
"2513",1152,1602,4317,891,3882
"2514",1805,2294,2409,2312,2764
"2515",3099,2935,4127,2863,3865
"2516",2055,2752,1083,2697,1355
"2517",215,808,1472,1879,2747
"2518",857,3964,3827,283,4381
"2519",425,2635,245,902,1387
"2520",2495,266,2931,2172,2611
"2521",2428,3855,389,1936,271
"2522",3607,2355,3008,1620,3173
"2523",176,2806,3349,2976,1662
"2524",416,2504,4330,432,3564
"2525",3055,1819,736,1174,1078
"2526",345,3119,3331,1408,2392
"2527",2566,387,594,508,2590
"2528",1079,383,1032,1419,3354
"2529",2126,173,3712,4501,767
"2530",3200,2085,1561,1272,1980
"2531",343,767,670,3328,1888
"2532",569,1238,2905,896,119
"2533",2560,1637,1395,3054,2551
"2534",3294,3193,4462,598,524
"2535",1966,3952,474,1544,2573
"2536",1181,951,3592,1567,1253
"2537",722,83,2924,1192,3268
"2538",1941,3690,3723,2991,3810
"2539",1307,1119,3835,3043,601
"2540",2702,1284,4264,2321,4091
"2541",2892,548,1695,1291,1977
"2542",4398,2877,1544,2244,974
"2543",4217,2646,2628,473,1949
"2544",372,1982,865,1108,1801
"2545",4118,2347,2346,4308,316
"2546",3831,725,4061,3332,364
"2547",1510,197,1693,3925,4353
"2548",4067,2784,279,3627,1679
"2549",2604,4121,3485,3741,1932
"2550",3852,4018,3240,2333,365
"2551",1386,677,3994,1595,2040
"2552",1597,1578,1770,3567,1642
"2553",3161,3343,2203,554,1143
"2554",3077,744,2977,4350,3099
"2555",3339,1126,2800,4199,1458
"2556",3920,2283,3085,3878,4136
"2557",3365,3454,1607,1773,3693
"2558",744,3203,4208,4404,490
"2559",202,2978,4042,4204,3460
"2560",1792,2100,1107,950,1885
"2561",4371,4420,4043,634,4246
"2562",201,4198,1253,4359,3050
"2563",1595,1928,2259,3692,278
"2564",1988,4149,1348,1377,1446
"2565",4385,2857,4113,2541,3887
"2566",584,2983,3324,859,2769
"2567",3352,4352,1615,3571,2345
"2568",42,1222,1412,1513,1323
"2569",1168,2852,3006,2726,2739
"2570",128,498,927,1144,774
"2571",4380,3585,3175,2573,4373
"2572",620,3186,561,3982,1159
"2573",4328,2319,4161,1142,1548
"2574",1910,2568,2893,961,4442
"2575",1253,465,3616,3438,1554
"2576",1247,3138,2573,559,2295
"2577",2084,2303,3711,1921,3744
"2578",520,2397,1688,3322,636
"2579",2189,957,2237,2502,1210
"2580",2406,605,1844,3555,2557
"2581",3666,1311,3258,1716,1901
"2582",2112,2960,2729,544,67
"2583",2869,1118,2548,2817,2280
"2584",1419,3938,803,4189,2788
"2585",73,1879,1171,184,2496
"2586",449,88,1644,2177,142
"2587",1845,1219,872,4002,1812
"2588",3830,3834,2896,2944,4460
"2589",1600,3022,3418,642,3194
"2590",2936,620,1009,4081,1733
"2591",2493,183,2211,421,735
"2592",1533,1300,3161,912,2678
"2593",1497,4093,947,4274,1537
"2594",501,3054,2782,1096,967
"2595",912,600,3443,546,1163
"2596",1591,3208,697,2498,380
"2597",2783,1549,4103,2572,583
"2598",2841,3286,2038,1868,2018
"2599",134,4277,4166,806,3264
"2600",2442,3652,2202,4096,2703
"2601",288,285,1761,2692,4259
"2602",3727,4038,1901,4384,590
"2603",3881,1234,2148,166,4148
"2604",3012,3488,369,1160,3260
"2605",4312,4405,1618,45,2662
"2606",2929,2170,2182,2,2579
"2607",3377,3289,1193,199,3956
"2608",2782,3662,569,2231,345
"2609",2817,2830,1447,4261,516
"2610",538,2038,3722,2345,3735
"2611",3494,2324,2320,2241,1779
"2612",2292,2493,4023,1942,3539
"2613",883,1985,2152,1481,2839
"2614",3242,2801,3529,1116,1063
"2615",1797,81,2952,1022,859
"2616",97,1839,479,1682,1185
"2617",1815,1097,482,3507,2749
"2618",3704,3957,4463,2530,260
"2619",4000,137,301,367,1251
"2620",2513,2990,376,768,637
"2621",417,4321,1743,3710,1711
"2622",2161,2673,169,3073,177
"2623",4045,4069,3233,3544,2252
"2624",4481,3830,3741,2531,1049
"2625",3346,1330,4137,4122,4223
"2626",4306,2829,4437,4135,12
"2627",3369,1803,3283,1038,1283
"2628",1236,478,2231,4110,3633
"2629",3611,1841,4193,1694,2359
"2630",2731,2618,3799,1764,1393
"2631",4350,1845,1034,1070,2394
"2632",3011,2274,433,783,3312
"2633",2570,3125,1151,460,4508
"2634",3478,724,4266,2002,3503
"2635",2099,3018,3385,3959,1030
"2636",4416,3026,3815,1293,2490
"2637",4421,3199,2147,3995,3573
"2638",952,3922,2397,2118,1505
"2639",220,3113,315,1169,3162
"2640",1446,3448,930,960,3054
"2641",318,1609,4344,3580,3019
"2642",544,3055,1433,1893,3638
"2643",727,2898,2993,481,3496
"2644",797,1041,686,3259,787
"2645",3133,4447,1687,3369,4401
"2646",1808,403,181,1244,69
"2647",2134,3324,2648,2606,1174
"2648",673,967,3481,4080,2267
"2649",723,1396,1272,1607,3021
"2650",3508,3229,3817,518,4109
"2651",234,4003,1434,2889,2522
"2652",2781,3722,2493,240,435
"2653",951,570,310,1393,4070
"2654",4198,4145,2563,4157,2149
"2655",3439,283,2630,1193,1098
"2656",3556,2384,1639,119,3859
"2657",585,2064,3555,2277,2828
"2658",4004,3233,4425,100,2487
"2659",2735,3579,3793,3860,3119
"2660",1200,1424,3900,517,1374
"2661",4122,4124,4342,1077,4439
"2662",3323,363,2568,1441,1627
"2663",736,4256,3025,4349,4317
"2664",195,2883,3985,670,2850
"2665",911,603,220,4323,799
"2666",1114,489,411,4305,4274
"2667",2289,3657,2004,3058,649
"2668",728,2079,3576,275,1935
"2669",2521,3337,2464,3808,2332
"2670",3614,4409,604,1822,593
"2671",2777,4135,3346,179,431
"2672",4206,3344,3821,3682,3943
"2673",1997,993,4320,3839,760
"2674",1793,1442,1368,2994,831
"2675",4083,2760,2400,1332,1424
"2676",2414,461,4382,3888,2261
"2677",1348,3470,4272,1250,2604
"2678",3406,350,1176,2586,3533
"2679",1770,4496,1635,771,2014
"2680",2664,3136,1136,2412,3903
"2681",2709,760,4392,593,519
"2682",1025,1735,1363,1524,2415
"2683",2595,2477,3064,1133,1575
"2684",2627,838,514,1545,85
"2685",906,3303,4015,3601,1196
"2686",765,466,3724,3442,1250
"2687",2382,1842,3323,4242,1316
"2688",3208,1027,3658,3121,4464
"2689",2360,2484,1396,2130,3623
"2690",2985,1580,1601,4082,1890
"2691",3759,3401,3637,2918,3540
"2692",1933,3035,3045,1639,565
"2693",67,2824,1829,1156,1435
"2694",209,2437,3440,3805,505
"2695",1297,2831,3955,3893,2521
"2696",677,1217,2372,2151,3604
"2697",2317,4253,2009,3375,4457
"2698",3909,2236,1392,842,677
"2699",1923,2311,2339,2951,4352
"2700",419,628,214,3674,1225
"2701",878,966,2901,4064,3710
"2702",3421,19,484,2819,136
"2703",2404,1028,3524,1744,52
"2704",1429,1913,1163,3755,3363
"2705",1042,3994,2723,1132,1606
"2706",2133,893,2219,737,1941
"2707",1345,3724,1563,2110,2180
"2708",4071,4173,3515,566,3815
"2709",889,104,3897,2123,3792
"2710",1220,3725,2366,3286,898
"2711",263,1443,666,3847,1148
"2712",617,3644,3462,2043,378
"2713",3896,3581,663,3604,619
"2714",3344,900,2031,3094,2418
"2715",964,2028,2070,552,4094
"2716",3449,2950,837,977,4219
"2717",3771,1911,393,2319,3738
"2718",2262,4141,2528,4152,1834
"2719",2585,1640,748,4086,2603
"2720",3615,84,875,1919,2936
"2721",320,731,2861,2779,2013
"2722",257,2867,2516,181,1118
"2723",4340,2254,649,156,755
"2724",4058,1693,4379,3688,3492
"2725",3584,2023,2801,2377,2654
"2726",627,459,735,3394,811
"2727",4391,3650,2874,3134,728
"2728",347,121,252,2780,3178
"2729",652,535,2129,2945,4489
"2730",3149,1143,4223,4457,3346
"2731",2488,2598,1358,3398,612
"2732",3366,595,3425,4221,4424
"2733",1417,4506,2077,4107,1193
"2734",2245,3441,662,2867,3614
"2735",480,1485,4325,4260,4085
"2736",4057,3866,2934,2025,1580
"2737",1619,1010,2589,2629,3094
"2738",3586,274,3886,1086,3432
"2739",4317,1054,1397,4483,4485
"2740",3973,3039,3828,1708,3472
"2741",1121,4012,3946,3733,3204
"2742",4278,106,3952,2686,1453
"2743",1123,1319,3699,3983,1254
"2744",3627,4086,936,3549,3608
"2745",1662,656,1469,2847,2701
"2746",2197,3647,1263,793,857
"2747",2375,1428,3366,2373,2061
"2748",829,237,3755,2221,1173
"2749",3382,3218,3597,1801,3726
"2750",2386,1698,929,1105,1847
"2751",3253,4085,3554,3617,3819
"2752",3622,3078,3656,3575,3453
"2753",567,208,584,3921,347
"2754",478,3236,1355,526,267
"2755",4137,530,3588,2424,382
"2756",2006,3374,102,2382,1994
"2757",3577,4238,302,1002,3298
"2758",3935,3817,1210,3339,1804
"2759",2848,2260,3067,3416,157
"2760",641,122,2083,2031,1880
"2761",2772,2944,1502,3033,1235
"2762",761,2509,3130,2255,1816
"2763",4066,3869,3473,3015,1440
"2764",1755,4367,3038,3247,2238
"2765",2350,1273,1594,1888,4410
"2766",3278,2442,4204,3976,3532
"2767",3606,3794,459,140,3918
"2768",2466,1560,1503,303,2967
"2769",1367,3846,3309,2913,2806
"2770",121,3665,304,686,1807
"2771",3215,3385,987,3446,1207
"2772",3991,2539,1074,2013,3155
"2773",274,3484,1380,1058,1800
"2774",3797,1156,3486,3556,2887
"2775",4120,2121,2643,2168,515
"2776",624,1568,4478,965,1441
"2777",923,4327,2850,792,3186
"2778",4320,2587,1177,1750,1740
"2779",2591,4427,3469,3835,2217
"2780",3687,3640,3750,3141,1680
"2781",3182,1870,1879,2114,2041
"2782",4218,222,941,1842,904
"2783",1218,2889,3388,402,2428
"2784",1529,2187,1957,1485,2584
"2785",239,4148,3208,3402,706
"2786",3078,4500,2786,3698,3578
"2787",1325,4051,1747,2126,457
"2788",3129,3299,3847,3294,2275
"2789",3590,425,3976,1558,2167
"2790",3181,108,565,2196,2540
"2791",3091,1811,3414,412,3219
"2792",21,1527,2524,657,3754
"2793",1998,1019,4499,3713,4130
"2794",2113,4404,2577,2921,4389
"2795",2858,576,1438,4435,2874
"2796",844,1778,230,4220,336
"2797",392,2125,1705,2056,3520
"2798",2612,2466,1718,2728,49
"2799",1795,1011,2842,414,1230
"2800",3737,3802,4271,471,2658
"2801",2158,1987,487,61,1865
"2802",2116,4129,3735,3754,3309
"2803",4308,2890,2944,294,3299
"2804",430,233,830,953,3388
"2805",3300,2000,2460,4007,1704
"2806",1355,2305,1619,3781,2738
"2807",1030,3891,2348,4452,2594
"2808",4047,2897,3802,1113,95
"2809",353,1867,3407,3452,758
"2810",3850,41,3602,542,2051
"2811",1249,988,1803,1246,3199
"2812",3416,2709,1215,1330,1766
"2813",2275,2628,2531,2895,3438
"2814",2517,2693,1975,411,566
"2815",479,3963,4280,4476,525
"2816",1859,4019,3350,3715,3179
"2817",3547,3209,1599,1978,2471
"2818",679,2615,4062,762,2313
"2819",1430,1283,852,1845,3137
"2820",2394,1059,3895,4158,41
"2821",3581,4255,3461,3704,4486
"2822",513,215,3343,2100,3025
"2823",1553,2710,1456,2503,15
"2824",118,2426,55,3747,4084
"2825",3305,1571,761,809,1926
"2826",3087,2339,1239,2880,4067
"2827",3821,589,489,1055,3191
"2828",1383,2399,1057,1969,557
"2829",2332,433,1623,1056,3913
"2830",535,3859,2270,2870,1119
"2831",550,3493,3718,2794,197
"2832",2501,115,3563,3116,1898
"2833",1628,1206,3121,3144,2639
"2834",2786,2998,3940,2156,3198
"2835",1790,1240,480,845,3315
"2836",1226,4230,1231,111,1122
"2837",390,4088,3466,2070,1134
"2838",2950,29,2776,1621,4175
"2839",317,261,3384,1741,1294
"2840",166,2589,610,3078,3012
"2841",19,1994,3531,3752,1894
"2842",4035,2321,4471,3745,1379
"2843",4415,738,1982,978,2162
"2844",1594,2072,4024,36,2464
"2845",1499,2722,3364,2633,3659
"2846",4395,753,2992,4436,3428
"2847",4403,4301,444,3050,4292
"2848",2732,537,580,3205,1868
"2849",2272,246,3442,3331,2896
"2850",4129,2220,1124,2334,4253
"2851",3554,4077,3675,1315,3983
"2852",369,4450,3345,396,3047
"2853",3801,1243,3720,837,2774
"2854",3877,194,3465,1926,1968
"2855",1914,1063,1729,3377,512
"2856",3528,2727,503,2330,241
"2857",1671,500,685,3560,1945
"2858",2208,2182,3497,1238,1756
"2859",149,561,2268,2837,153
"2860",3715,650,255,2790,247
"2861",3741,1886,1645,445,3193
"2862",516,1065,682,3681,4346
"2863",3169,304,4509,2297,2984
"2864",4022,4346,1512,4146,745
"2865",1071,685,2412,1277,456
"2866",3350,3813,1264,268,1897
"2867",2188,1903,3342,2682,1788
"2868",1512,103,420,4099,4177
"2869",1843,2110,3267,2972,3542
"2870",2564,2583,855,4029,4284
"2871",837,320,695,980,3891
"2872",255,3797,337,3150,666
"2873",323,930,728,4098,3249
"2874",1364,1034,1779,145,561
"2875",1227,4471,1740,3474,1844
"2876",4173,2312,4349,946,1202
"2877",3740,2622,2232,4303,2968
"2878",2206,4216,4076,3218,3217
"2879",2966,167,740,3572,2781
"2880",3849,3347,1365,2722,4010
"2881",2544,3284,2991,3390,1934
"2882",3042,3110,2688,2869,2200
"2883",3484,3410,3278,716,3497
"2884",3703,4349,2717,2943,3640
"2885",1067,1906,1546,2764,1593
"2886",1694,3988,782,4369,2980
"2887",2582,3502,494,1729,1079
"2888",1786,913,340,872,2323
"2889",4210,1096,62,1564,3183
"2890",4504,2367,17,1913,2475
"2891",3665,3261,4482,2014,4029
"2892",877,1484,4439,2205,3171
"2893",3941,2253,4319,107,3121
"2894",1706,3504,2732,2491,2578
"2895",4287,3146,3118,1881,2142
"2896",3244,793,3160,2225,2481
"2897",3700,1441,819,811,3203
"2898",4002,4004,2965,1949,2989
"2899",568,2245,2000,3970,2748
"2900",2840,1153,4473,2501,3031
"2901",2971,3635,242,1123,4041
"2902",329,3689,1507,3290,1485
"2903",2695,1728,1669,3887,3424
"2904",2043,2846,3219,1171,2577
"2905",3126,2794,208,2749,3237
"2906",3245,1109,1403,2045,2593
"2907",463,2691,3519,1185,2843
"2908",1426,3679,2195,2082,1051
"2909",2101,3375,4460,3241,1340
"2910",4204,792,1004,63,4105
"2911",2067,4192,47,1251,635
"2912",2742,4396,2450,3156,1034
"2913",2992,1377,1941,905,882
"2914",243,3127,84,3378,4242
"2915",2247,521,3495,3352,3441
"2916",2180,630,2229,1319,930
"2917",275,3569,1732,1908,1633
"2918",4267,3271,210,326,517
"2919",2722,1415,3229,2556,429
"2920",3778,3007,2388,2036,3240
"2921",4141,2745,194,4051,1925
"2922",3222,2346,3850,2714,4459
"2923",2226,2177,4303,4173,371
"2924",4445,3914,344,1307,585
"2925",2822,4171,3565,2785,2720
"2926",3452,803,1491,1213,2819
"2927",580,1659,182,3625,1350
"2928",1689,1817,32,1629,4422
"2929",2536,3556,3559,2906,2960
"2930",62,2790,4148,795,4248
"2931",1388,3685,3585,3873,521
"2932",746,2288,198,195,836
"2933",1743,1487,3764,3266,3295
"2934",1741,327,3907,903,720
"2935",2960,2997,1658,757,2441
"2936",2557,175,812,2949,1177
"2937",611,51,1817,2199,549
"2938",258,477,2191,2762,2177
"2939",4036,2785,1724,1306,427
"2940",3143,775,647,1615,3514
"2941",2128,1380,2853,1714,58
"2942",843,4482,498,2133,1528
"2943",3110,1917,1209,2812,1029
"2944",4029,622,969,2429,2847
"2945",1228,587,2438,4398,4451
"2946",150,818,3957,399,4386
"2947",2827,1043,993,2271,215
"2948",90,1114,582,4468,2231
"2949",1736,4483,804,2214,286
"2950",3106,2237,3234,1664,3352
"2951",506,389,386,3632,2103
"2952",4062,4442,706,216,824
"2953",3404,1812,2569,478,1996
"2954",375,4252,1199,4336,1920
"2955",4291,1707,2740,633,4195
"2956",2802,3755,1096,1423,3110
"2957",2062,1997,1863,579,2265
"2958",4191,3372,1744,2677,2368
"2959",2082,1633,3965,1995,1475
"2960",3307,226,3615,3649,2746
"2961",84,2637,2358,790,3692
"2962",849,2822,4318,1433,4199
"2963",2593,3342,560,2670,2516
"2964",1903,3309,2596,4249,3519
"2965",3456,2707,1298,368,1002
"2966",3625,1001,1375,1338,3731
"2967",1019,4258,2032,805,412
"2968",309,2891,1280,519,3799
"2969",2086,789,908,2180,2398
"2970",276,245,2403,2740,1610
"2971",3010,1808,530,3399,1578
"2972",1804,4229,2198,2383,3680
"2973",3198,4401,4229,3750,673
"2974",1361,3601,1504,52,2296
"2975",4153,448,1237,997,4068
"2976",1962,3826,3701,3949,1602
"2977",2590,515,1017,3357,1972
"2978",3168,2808,3641,733,47
"2979",446,65,1393,3340,1197
"2980",2119,2033,3683,4141,2898
"2981",4405,2783,2498,1580,805
"2982",1681,54,288,3133,2083
"2983",1680,857,2733,50,2935
"2984",2291,3991,2891,536,1238
"2985",2041,2256,3490,4123,1062
"2986",2711,1525,4474,3044,2668
"2987",562,367,3398,3853,266
"2988",2721,1092,2651,305,3208
"2989",2249,238,3280,719,1386
"2990",120,1287,265,1005,600
"2991",3408,4297,3562,4235,2776
"2992",922,1555,3174,1001,107
"2993",3043,1276,3535,1844,711
"2994",3597,651,2470,180,1043
"2995",1756,4286,2200,447,1634
"2996",3874,1762,2892,2198,1612
"2997",704,3213,801,4423,4037
"2998",559,282,3222,3130,4498
"2999",3221,3003,211,4006,2196
"3000",752,3727,219,2162,116
"3001",4401,2092,1115,1692,2892
"3002",3916,4039,3570,1443,1645
"3003",1649,3820,3457,3005,730
"3004",2716,3967,1929,223,476
"3005",3123,4448,117,3956,2925
"3006",3990,2209,2216,2443,795
"3007",838,3684,2171,109,2429
"3008",2198,3587,1774,269,3033
"3009",3956,3380,1053,3161,1725
"3010",1574,1962,334,3117,1618
"3011",3033,2661,3814,3298,4411
"3012",1479,1499,280,2799,110
"3013",246,2880,1684,2664,3082
"3014",1084,2737,3074,4165,2805
"3015",2173,2631,3322,258,2141
"3016",4460,805,2703,1790,4414
"3017",1945,1044,447,3159,2309
"3018",1676,1492,4164,1506,988
"3019",2862,1337,3560,3199,2138
"3020",4472,3306,1270,2795,2553
"3021",464,1174,1800,2791,3787
"3022",2868,517,162,1677,2001
"3023",547,740,1731,2327,1971
"3024",4247,3180,730,1967,3197
"3025",1178,451,2657,1886,2830
"3026",3772,3663,1997,3703,194
"3027",3560,736,1489,3147,3528
"3028",4382,366,4073,2487,1824
"3029",1955,1979,902,3330,3502
"3030",368,4048,526,4491,1286
"3031",1629,2932,2414,3007,3456
"3032",3262,1490,4402,3051,3399
"3033",4450,60,3664,3972,169
"3034",3201,2411,1936,219,588
"3035",1716,2676,2998,3076,3979
"3036",1826,2060,1292,1331,2465
"3037",4269,4348,1312,3183,2845
"3038",316,3313,2951,3585,1146
"3039",3532,3114,3308,323,2877
"3040",1312,975,2580,3295,1774
"3041",4175,2272,3148,3693,3730
"3042",573,3427,3619,3965,1810
"3043",3495,1413,3176,2550,3848
"3044",3764,2381,1692,448,4183
"3045",2327,35,3557,3803,3585
"3046",1683,680,1159,2192,4361
"3047",403,2353,4046,4243,1639
"3048",2675,2228,2262,1956,329
"3049",3163,2011,2872,3513,1069
"3050",4404,4504,2505,2883,1750
"3051",81,3614,4407,3521,3227
"3052",3629,2534,3932,4441,896
"3053",1382,299,1360,4119,4354
"3054",3994,3346,4004,4486,4289
"3055",3337,3314,332,2016,3406
"3056",1032,632,4312,4063,2245
"3057",2111,4042,2165,3984,3279
"3058",3583,646,3190,2652,3129
"3059",2346,3578,4432,4078,1180
"3060",1099,1372,12,2471,4198
"3061",2657,333,2756,1743,1083
"3062",739,3597,585,2980,546
"3063",2526,2639,3056,1531,2285
"3064",1043,3096,1426,3351,1066
"3065",1115,3643,4493,2747,4476
"3066",3961,4054,3026,3772,3358
"3067",3483,1694,1737,982,3501
"3068",685,2239,1182,2275,1239
"3069",3856,72,3348,603,2955
"3070",2844,1777,2154,925,1311
"3071",3256,3763,34,515,2440
"3072",3883,1846,2427,2135,2356
"3073",4051,3908,53,561,1511
"3074",2810,3424,3541,4026,1716
"3075",4397,3523,3818,2041,1223
"3076",2745,2233,1807,4466,3304
"3077",3023,3320,46,3727,1947
"3078",557,4120,1303,3321,4075
"3079",325,2523,3002,878,1646
"3080",3736,1494,37,4437,3421
"3081",2825,3498,1641,2065,3861
"3082",862,3370,98,2069,2094
"3083",2017,1004,3667,1217,2628
"3084",3284,1998,1650,1733,1772
"3085",393,3464,1454,3238,3265
"3086",3643,202,1522,2694,4368
"3087",4172,909,3051,1274,3570
"3088",1418,2964,1585,2609,3380
"3089",1579,3749,4219,2462,229
"3090",561,3753,218,1800,4119
"3091",71,555,4067,3085,4329
"3092",1370,791,2180,1194,2826
"3093",3907,130,1138,82,1914
"3094",1892,3617,3688,2434,2157
"3095",2552,799,777,921,3958
"3096",1431,2018,3792,33,1085
"3097",730,2859,536,2010,1259
"3098",3287,923,885,4237,4182
"3099",2653,1509,1965,4377,978
"3100",4088,2665,2249,2436,2643
"3101",3550,3384,1540,2006,4095
"3102",1705,3354,2122,19,2509
"3103",1315,2251,2553,1014,844
"3104",851,1676,3766,4394,1628
"3105",3648,1952,1715,224,1108
"3106",1339,984,820,3969,740
"3107",2808,1832,3904,3177,3508
"3108",4462,220,2585,1841,3536
"3109",3241,2908,382,2313,1825
"3110",1241,4284,107,374,839
"3111",1163,2257,4491,1325,2056
"3112",1800,2930,341,3837,3671
"3113",3015,483,1573,1043,1406
"3114",3136,1504,914,1494,2466
"3115",4420,3481,3078,395,3180
"3116",3725,2138,143,2582,4278
"3117",4008,2468,1174,1848,154
"3118",4487,4505,1352,178,3449
"3119",1422,2892,27,3053,3555
"3120",4222,2500,277,4490,4161
"3121",1065,2045,3382,3435,2528
"3122",498,319,2404,1831,2339
"3123",3714,3634,418,3090,4268
"3124",3688,935,2389,2618,376
"3125",426,657,2785,3533,3602
"3126",3940,2884,3165,482,945
"3127",4451,3562,2687,3498,2808
"3128",3529,2041,4192,3338,1713
"3129",549,1164,2089,4004,4471
"3130",700,301,114,1789,2188
"3131",597,1654,2456,1278,1930
"3132",1834,1113,4294,531,1265
"3133",1678,1140,2057,906,3629
"3134",3763,895,4071,2283,1218
"3135",2177,3433,679,1805,31
"3136",440,371,2130,1324,3078
"3137",3248,3509,1900,520,4287
"3138",3910,1932,3986,3568,665
"3139",4016,848,4391,3870,4341
"3140",2747,947,2888,2448,2189
"3141",2952,1606,1062,1452,3784
"3142",4455,3030,2747,4131,2515
"3143",1012,903,4378,2911,2869
"3144",1035,2721,1443,2346,3864
"3145",3335,1961,3685,2546,335
"3146",891,314,989,1092,4122
"3147",4381,1711,3988,4134,3850
"3148",1564,4073,1255,366,3842
"3149",2240,4357,3023,3467,3445
"3150",635,2533,54,4456,3676
"3151",1536,1937,2709,1644,699
"3152",2282,3989,1387,2461,2728
"3153",3657,1764,2156,1412,2469
"3154",4092,1710,4383,3846,2710
"3155",2658,2490,1031,2274,3594
"3156",3324,2844,554,4348,1172
